trace_id,human_majority
run_BrowseComp_2025-12-15T20:38:47.779542::browsecomp_3,RETRIEVE_MORE
run_BrowseComp_2025-12-15T20:38:47.779542::browsecomp_6,RETRIEVE_MORE
run_BrowseComp_2025-12-15T20:38:47.779542::browsecomp_7,RETRIEVE_MORE
run_GSM8K_2025-11-21T04:46:29.543781::119,REPLAN
run_GSM8K_2025-12-20T07:31:17.721477::gsm8k_2,REPLAN
run_GSM8K_2025-12-20T07:38:08.801930::gsm8k_1039,RETRY
run_GSM8K_2025-12-20T07:38:08.801930::gsm8k_1048,REPLAN
run_GSM8K_2025-12-20T07:38:08.801930::gsm8k_1088,REPLAN
run_GSM8K_2025-12-20T07:38:08.801930::gsm8k_1161,REPLAN
run_GSM8K_2025-12-20T07:38:08.801930::gsm8k_119,REPLAN
run_GSM8K_2025-12-20T07:38:08.801930::gsm8k_12,LOCAL_REPAIR
run_GSM8K_2025-12-20T07:38:08.801930::gsm8k_162,REPLAN
run_GSM8K_2025-12-20T07:38:08.801930::gsm8k_187,REPLAN
run_GSM8K_2025-12-20T07:38:08.801930::gsm8k_209,REPLAN
run_GSM8K_2025-12-20T07:38:08.801930::gsm8k_368,REPLAN
run_GSM8K_2025-12-20T07:38:08.801930::gsm8k_37,REPLAN
run_GSM8K_2025-12-20T07:38:08.801930::gsm8k_380,REPLAN
run_GSM8K_2025-12-20T07:38:08.801930::gsm8k_454,REPLAN
run_GSM8K_2025-12-20T07:38:08.801930::gsm8k_494,REPLAN
run_GSM8K_2025-12-20T07:38:08.801930::gsm8k_641,LOCAL_REPAIR
run_GSM8K_2025-12-20T07:38:08.801930::gsm8k_649,REPLAN
run_GSM8K_2025-12-20T07:38:08.801930::gsm8k_749,REPLAN
run_GSM8K_2025-12-20T07:38:08.801930::gsm8k_835,REPLAN
run_GSM8K_2025-12-20T07:38:08.801930::gsm8k_952,REPLAN
run_MBPP_2025-12-06T08:50:36.324654::mbpp-601,TOOL_FIX
run_MBPP_2025-12-06T08:50:36.324654::mbpp-602,REPLAN
run_MBPP_2025-12-06T08:50:36.324654::mbpp-603,REPLAN
run_MBPP_2025-12-06T08:50:36.324654::mbpp-607,REPLAN
run_MBPP_2025-12-06T08:50:36.324654::mbpp-609,TOOL_FIX
run_MBPP_2025-12-06T08:50:36.324654::mbpp-610,REPLAN
run_MBPP_2025-12-06T08:50:36.324654::mbpp-617,TOOL_FIX
run_MBPP_2025-12-06T08:50:36.324654::mbpp-620,TOOL_FIX
run_MBPP_2025-12-06T08:50:36.324654::mbpp-630,TOOL_FIX
run_MBPP_2025-12-06T08:50:36.324654::mbpp-638,REPLAN
run_MBPP_2025-12-06T08:50:36.324654::mbpp-642,REPLAN
run_MBPP_2025-12-06T08:50:36.324654::mbpp-643,REPLAN
run_MBPP_2025-12-11T00:49:23.675982::mbpp-101,TOOL_FIX
run_MBPP_2025-12-11T00:49:23.675982::mbpp-106,REPLAN
run_MBPP_2025-12-11T00:49:23.675982::mbpp-108,REPLAN
run_MBPP_2025-12-11T00:49:23.675982::mbpp-110,REPLAN
run_MBPP_2025-12-11T00:49:23.675982::mbpp-112,REPLAN
run_MBPP_2025-12-11T00:49:23.675982::mbpp-114,REPLAN
run_MBPP_2025-12-11T00:49:23.675982::mbpp-117,REPLAN
run_MBPP_2025-12-11T00:49:23.675982::mbpp-119,TOOL_FIX
run_MBPP_2025-12-11T00:49:23.675982::mbpp-121,TOOL_FIX
run_MBPP_2025-12-11T00:49:23.675982::mbpp-122,REPLAN
run_MBPP_2025-12-11T00:49:23.675982::mbpp-124,REPLAN
run_MBPP_2025-12-11T00:49:23.675982::mbpp-125,TOOL_FIX
run_MBPP_2025-12-11T00:49:23.675982::mbpp-13,TOOL_FIX
run_MBPP_2025-12-11T00:49:23.675982::mbpp-134,TOOL_FIX
run_MBPP_2025-12-11T00:49:23.675982::mbpp-136,REPLAN
run_MBPP_2025-12-11T00:49:23.675982::mbpp-137,REPLAN
run_MBPP_2025-12-11T00:49:23.675982::mbpp-138,REPLAN
run_MBPP_2025-12-11T00:49:23.675982::mbpp-139,RETRY
run_MBPP_2025-12-11T00:49:23.675982::mbpp-140,REPLAN
run_MBPP_2025-12-11T00:49:23.675982::mbpp-143,REPLAN
run_MBPP_2025-12-11T00:49:23.675982::mbpp-144,TOOL_FIX
run_MBPP_2025-12-11T00:49:23.675982::mbpp-145,TOOL_FIX
run_MBPP_2025-12-11T00:49:23.675982::mbpp-146,REPLAN
run_MBPP_2025-12-11T00:49:23.675982::mbpp-147,TOOL_FIX
run_MBPP_2025-12-11T00:49:23.675982::mbpp-149,TOOL_FIX
run_MBPP_2025-12-11T00:49:23.675982::mbpp-15,REPLAN
run_MBPP_2025-12-11T00:49:23.675982::mbpp-150,TOOL_FIX
run_MBPP_2025-12-11T00:49:23.675982::mbpp-155,REPLAN
run_MBPP_2025-12-11T00:49:23.675982::mbpp-158,TOOL_FIX
run_MBPP_2025-12-11T00:49:23.675982::mbpp-159,RETRY
run_MBPP_2025-12-11T00:49:23.675982::mbpp-16,REPLAN
run_MBPP_2025-12-11T00:49:23.675982::mbpp-160,REPLAN
run_MBPP_2025-12-11T00:49:23.675982::mbpp-180,LOCAL_REPAIR
run_MBPP_2025-12-11T00:49:23.675982::mbpp-181,TOOL_FIX
run_MBPP_2025-12-11T00:49:23.675982::mbpp-182,REPLAN
run_MBPP_2025-12-11T00:49:23.675982::mbpp-183,TOOL_FIX
run_MBPP_2025-12-11T00:49:23.675982::mbpp-184,REPLAN
run_MBPP_2025-12-11T00:49:23.675982::mbpp-187,TOOL_FIX
run_MBPP_2025-12-11T00:49:23.675982::mbpp-188,REPLAN
run_MBPP_2025-12-11T00:49:23.675982::mbpp-189,TOOL_FIX
run_MBPP_2025-12-11T00:49:23.675982::mbpp-190,TOOL_FIX
run_MBPP_2025-12-11T00:49:23.675982::mbpp-198,REPLAN
run_MBPP_2025-12-11T00:49:23.675982::mbpp-205,REPLAN
run_MBPP_2025-12-11T00:49:23.675982::mbpp-209,REPLAN
run_MBPP_2025-12-11T00:49:23.675982::mbpp-211,TOOL_FIX
run_MBPP_2025-12-11T00:49:23.675982::mbpp-216,REPLAN
run_MBPP_2025-12-11T00:49:23.675982::mbpp-218,REPLAN
run_MBPP_2025-12-11T00:49:23.675982::mbpp-219,REPLAN
run_MBPP_2025-12-11T00:49:23.675982::mbpp-229,TOOL_FIX
run_MBPP_2025-12-11T00:49:23.675982::mbpp-233,REPLAN
run_MBPP_2025-12-11T00:49:23.675982::mbpp-235,REPLAN
run_MBPP_2025-12-11T00:49:23.675982::mbpp-236,TOOL_FIX
run_MBPP_2025-12-11T00:49:23.675982::mbpp-237,REPLAN
run_MBPP_2025-12-11T00:49:23.675982::mbpp-243,REPLAN
run_MBPP_2025-12-11T00:49:23.675982::mbpp-245,TOOL_FIX
run_MBPP_2025-12-11T00:49:23.675982::mbpp-254,RETRY
run_MBPP_2025-12-11T00:49:23.675982::mbpp-26,REPLAN
run_MBPP_2025-12-11T00:49:23.675982::mbpp-260,REPLAN
run_MBPP_2025-12-11T00:49:23.675982::mbpp-275,TOOL_FIX
run_MBPP_2025-12-11T00:49:23.675982::mbpp-276,RETRY
run_MBPP_2025-12-11T00:49:23.675982::mbpp-277,REPLAN
run_MBPP_2025-12-11T00:49:23.675982::mbpp-285,REPLAN
run_MBPP_2025-12-11T00:49:23.675982::mbpp-286,TOOL_FIX
run_MBPP_2025-12-11T00:49:23.675982::mbpp-288,TOOL_FIX
run_MBPP_2025-12-11T00:49:23.675982::mbpp-295,REPLAN
run_MBPP_2025-12-11T00:49:23.675982::mbpp-298,REPLAN
run_MBPP_2025-12-11T00:49:23.675982::mbpp-301,REPLAN
run_MBPP_2025-12-11T00:49:23.675982::mbpp-303,TOOL_FIX
run_MBPP_2025-12-11T00:49:23.675982::mbpp-307,TOOL_FIX
run_MBPP_2025-12-11T00:49:23.675982::mbpp-31,REPLAN
run_MBPP_2025-12-11T00:49:23.675982::mbpp-310,REPLAN
run_MBPP_2025-12-11T00:49:23.675982::mbpp-311,REPLAN
run_MBPP_2025-12-11T00:49:23.675982::mbpp-312,REPLAN
run_MBPP_2025-12-11T00:49:23.675982::mbpp-313,REPLAN
run_MBPP_2025-12-11T00:49:23.675982::mbpp-314,TOOL_FIX
run_MBPP_2025-12-11T00:49:23.675982::mbpp-318,REPLAN
run_MBPP_2025-12-11T00:49:23.675982::mbpp-324,REPLAN
run_MBPP_2025-12-11T00:49:23.675982::mbpp-328,TOOL_FIX
run_MBPP_2025-12-11T00:49:23.675982::mbpp-335,REPLAN
run_MBPP_2025-12-11T00:49:23.675982::mbpp-337,REPLAN
run_MBPP_2025-12-11T00:49:23.675982::mbpp-339,REPLAN
run_MBPP_2025-12-11T00:49:23.675982::mbpp-343,REPLAN
run_MBPP_2025-12-11T00:49:23.675982::mbpp-344,REPLAN
run_MBPP_2025-12-11T00:49:23.675982::mbpp-348,TOOL_FIX
run_MBPP_2025-12-11T00:49:23.675982::mbpp-351,TOOL_FIX
run_MBPP_2025-12-11T00:49:23.675982::mbpp-355,REPLAN
run_MBPP_2025-12-11T00:49:23.675982::mbpp-363,REPLAN
run_MBPP_2025-12-11T00:49:23.675982::mbpp-364,LOCAL_REPAIR
run_MBPP_2025-12-11T00:49:23.675982::mbpp-367,REPLAN
run_MBPP_2025-12-11T00:49:23.675982::mbpp-374,REPLAN
run_MBPP_2025-12-11T00:49:23.675982::mbpp-375,REPLAN
run_MBPP_2025-12-11T00:49:23.675982::mbpp-384,TOOL_FIX
run_MBPP_2025-12-11T00:49:23.675982::mbpp-39,REPLAN
run_MBPP_2025-12-11T00:49:23.675982::mbpp-396,REPLAN
run_MBPP_2025-12-11T00:49:23.675982::mbpp-398,REPLAN
run_MBPP_2025-12-11T00:49:23.675982::mbpp-402,REPLAN
run_MBPP_2025-12-11T00:49:23.675982::mbpp-415,REPLAN
run_MBPP_2025-12-11T00:49:23.675982::mbpp-42,TOOL_FIX
run_MBPP_2025-12-11T00:49:23.675982::mbpp-430,REPLAN
run_MBPP_2025-12-11T00:49:23.675982::mbpp-431,REPLAN
run_MBPP_2025-12-11T00:49:23.675982::mbpp-432,TOOL_FIX
run_MBPP_2025-12-11T00:49:23.675982::mbpp-433,REPLAN
run_MBPP_2025-12-11T00:49:23.675982::mbpp-434,REPLAN
run_MBPP_2025-12-11T00:49:23.675982::mbpp-436,REPLAN
run_MBPP_2025-12-11T00:49:23.675982::mbpp-438,REPLAN
run_MBPP_2025-12-11T00:49:23.675982::mbpp-44,LOCAL_REPAIR
run_MBPP_2025-12-11T00:49:23.675982::mbpp-440,REPLAN
run_MBPP_2025-12-11T00:49:23.675982::mbpp-442,REPLAN
run_MBPP_2025-12-11T00:49:23.675982::mbpp-443,REPLAN
run_MBPP_2025-12-11T00:49:23.675982::mbpp-444,RETRY
run_MBPP_2025-12-11T00:49:23.675982::mbpp-452,TOOL_FIX
run_MBPP_2025-12-11T00:49:23.675982::mbpp-454,REPLAN
run_MBPP_2025-12-11T00:49:23.675982::mbpp-461,REPLAN
run_MBPP_2025-12-11T00:49:23.675982::mbpp-462,REPLAN
run_MBPP_2025-12-11T00:49:23.675982::mbpp-473,REPLAN
run_MBPP_2025-12-11T00:49:23.675982::mbpp-483,REPLAN
run_MBPP_2025-12-11T00:49:23.675982::mbpp-485,TOOL_FIX
run_MBPP_2025-12-11T00:49:23.675982::mbpp-486,TOOL_FIX
run_MBPP_2025-12-11T00:49:23.675982::mbpp-489,TOOL_FIX
run_MBPP_2025-12-11T00:49:23.675982::mbpp-493,TOOL_FIX
run_MBPP_2025-12-11T00:49:23.675982::mbpp-494,RETRY
run_MBPP_2025-12-11T00:49:23.675982::mbpp-500,REPLAN
run_MBPP_2025-12-11T00:49:23.675982::mbpp-501,TOOL_FIX
run_MBPP_2025-12-11T00:49:23.675982::mbpp-515,TOOL_FIX
run_MBPP_2025-12-11T00:49:23.675982::mbpp-523,TOOL_FIX
run_MBPP_2025-12-11T00:49:23.675982::mbpp-524,TOOL_FIX
run_MBPP_2025-12-11T00:49:23.675982::mbpp-525,REPLAN
run_MBPP_2025-12-11T00:49:23.675982::mbpp-528,REPLAN
run_MBPP_2025-12-11T00:49:23.675982::mbpp-530,RETRY
run_MBPP_2025-12-11T00:49:23.675982::mbpp-535,REPLAN
run_MBPP_2025-12-11T00:49:23.675982::mbpp-538,RETRY
run_MBPP_2025-12-11T00:49:23.675982::mbpp-546,REPLAN
run_MBPP_2025-12-11T00:49:23.675982::mbpp-552,REPLAN
run_MBPP_2025-12-11T00:49:23.675982::mbpp-559,TOOL_FIX
run_MBPP_2025-12-11T00:49:23.675982::mbpp-561,REPLAN
run_MBPP_2025-12-11T00:49:23.675982::mbpp-57,TOOL_FIX
run_MBPP_2025-12-11T00:49:23.675982::mbpp-570,TOOL_FIX
run_MBPP_2025-12-11T00:49:23.675982::mbpp-574,LOCAL_REPAIR
run_MBPP_2025-12-11T00:49:23.675982::mbpp-575,TOOL_FIX
run_MBPP_2025-12-11T00:49:23.675982::mbpp-576,TOOL_FIX
run_MBPP_2025-12-11T00:49:23.675982::mbpp-580,TOOL_FIX
run_MBPP_2025-12-11T00:49:23.675982::mbpp-581,REPLAN
run_MBPP_2025-12-11T00:49:23.675982::mbpp-584,REPLAN
run_MBPP_2025-12-11T00:49:23.675982::mbpp-590,REPLAN
run_MBPP_2025-12-11T00:49:23.675982::mbpp-592,TOOL_FIX
run_MBPP_2025-12-11T00:49:23.675982::mbpp-595,REPLAN
run_MBPP_2025-12-11T00:49:23.675982::mbpp-597,TOOL_FIX
run_MBPP_2025-12-11T00:49:23.675982::mbpp-6,TOOL_FIX
run_MBPP_2025-12-11T00:49:23.675982::mbpp-60,TOOL_FIX
run_MBPP_2025-12-11T00:49:23.675982::mbpp-601,TOOL_FIX
run_MBPP_2025-12-11T00:49:23.675982::mbpp-603,REPLAN
run_MBPP_2025-12-11T00:49:23.675982::mbpp-609,TOOL_FIX
run_MBPP_2025-12-11T00:49:23.675982::mbpp-610,REPLAN
run_MBPP_2025-12-11T00:49:23.675982::mbpp-612,REPLAN
run_MBPP_2025-12-11T00:49:23.675982::mbpp-617,TOOL_FIX
run_MBPP_2025-12-11T00:49:23.675982::mbpp-630,TOOL_FIX
run_MBPP_2025-12-11T00:49:23.675982::mbpp-638,REPLAN
run_MBPP_2025-12-11T00:49:23.675982::mbpp-640,REPLAN
run_MBPP_2025-12-11T00:49:23.675982::mbpp-642,REPLAN
run_MBPP_2025-12-11T00:49:23.675982::mbpp-643,LOCAL_REPAIR
run_MBPP_2025-12-11T00:49:23.675982::mbpp-650,TOOL_FIX
run_MBPP_2025-12-11T00:49:23.675982::mbpp-652,REPLAN
run_MBPP_2025-12-11T00:49:23.675982::mbpp-659,REPLAN
run_MBPP_2025-12-11T00:49:23.675982::mbpp-660,REPLAN
run_MBPP_2025-12-11T00:49:23.675982::mbpp-663,TOOL_FIX
run_MBPP_2025-12-11T00:49:23.675982::mbpp-670,REPLAN
run_MBPP_2025-12-11T00:49:23.675982::mbpp-671,TOOL_FIX
run_MBPP_2025-12-11T00:49:23.675982::mbpp-677,REPLAN
run_MBPP_2025-12-11T00:49:23.675982::mbpp-684,TOOL_FIX
run_MBPP_2025-12-11T00:49:23.675982::mbpp-686,REPLAN
run_MBPP_2025-12-11T00:49:23.675982::mbpp-689,TOOL_FIX
run_MBPP_2025-12-11T00:49:23.675982::mbpp-699,REPLAN
run_MBPP_2025-12-11T00:49:23.675982::mbpp-70,TOOL_FIX
run_MBPP_2025-12-11T00:49:23.675982::mbpp-709,REPLAN
run_MBPP_2025-12-11T00:49:23.675982::mbpp-712,REPLAN
run_MBPP_2025-12-11T00:49:23.675982::mbpp-714,REPLAN
run_MBPP_2025-12-11T00:49:23.675982::mbpp-719,LOCAL_REPAIR
run_MBPP_2025-12-11T00:49:23.675982::mbpp-721,TOOL_FIX
run_MBPP_2025-12-11T00:49:23.675982::mbpp-73,REPLAN
run_MBPP_2025-12-11T00:49:23.675982::mbpp-734,TOOL_FIX
run_MBPP_2025-12-11T00:49:23.675982::mbpp-743,TOOL_FIX
run_MBPP_2025-12-11T00:49:23.675982::mbpp-746,LOCAL_REPAIR
run_MBPP_2025-12-11T00:49:23.675982::mbpp-747,TOOL_FIX
run_MBPP_2025-12-11T00:49:23.675982::mbpp-749,REPLAN
run_MBPP_2025-12-11T00:49:23.675982::mbpp-75,REPLAN
run_MBPP_2025-12-11T00:49:23.675982::mbpp-751,TOOL_FIX
run_MBPP_2025-12-11T00:49:23.675982::mbpp-756,LOCAL_REPAIR
run_MBPP_2025-12-11T00:49:23.675982::mbpp-760,TOOL_FIX
run_MBPP_2025-12-11T00:49:23.675982::mbpp-761,LOCAL_REPAIR
run_MBPP_2025-12-11T00:49:23.675982::mbpp-763,TOOL_FIX
run_MBPP_2025-12-11T00:49:23.675982::mbpp-77,REPLAN
run_MBPP_2025-12-11T00:49:23.675982::mbpp-773,REPLAN
run_MBPP_2025-12-11T00:49:23.675982::mbpp-776,REPLAN
run_MBPP_2025-12-11T00:49:23.675982::mbpp-777,TOOL_FIX
run_MBPP_2025-12-11T00:49:23.675982::mbpp-780,REPLAN
run_MBPP_2025-12-11T00:49:23.675982::mbpp-783,REPLAN
run_MBPP_2025-12-11T00:49:23.675982::mbpp-787,LOCAL_REPAIR
run_MBPP_2025-12-11T00:49:23.675982::mbpp-793,REPLAN
run_MBPP_2025-12-11T00:49:23.675982::mbpp-794,LOCAL_REPAIR
run_MBPP_2025-12-11T00:49:23.675982::mbpp-797,TOOL_FIX
run_MBPP_2025-12-11T00:49:23.675982::mbpp-802,TOOL_FIX
run_MBPP_2025-12-11T00:49:23.675982::mbpp-81,REPLAN
run_MBPP_2025-12-11T00:49:23.675982::mbpp-810,TOOL_FIX
run_MBPP_2025-12-11T00:49:23.675982::mbpp-819,REPLAN
run_MBPP_2025-12-11T00:49:23.675982::mbpp-826,REPLAN
run_MBPP_2025-12-11T00:49:23.675982::mbpp-83,REPLAN
run_MBPP_2025-12-11T00:49:23.675982::mbpp-840,REPLAN
run_MBPP_2025-12-11T00:49:23.675982::mbpp-844,TOOL_FIX
run_MBPP_2025-12-11T00:49:23.675982::mbpp-847,TOOL_FIX
run_MBPP_2025-12-11T00:49:23.675982::mbpp-851,TOOL_FIX
run_MBPP_2025-12-11T00:49:23.675982::mbpp-856,TOOL_FIX
run_MBPP_2025-12-11T00:49:23.675982::mbpp-860,REPLAN
run_MBPP_2025-12-11T00:49:23.675982::mbpp-861,REPLAN
run_MBPP_2025-12-11T00:49:23.675982::mbpp-867,TOOL_FIX
run_MBPP_2025-12-11T00:49:23.675982::mbpp-87,RETRY
run_MBPP_2025-12-11T00:49:23.675982::mbpp-872,REPLAN
run_MBPP_2025-12-11T00:49:23.675982::mbpp-879,REPLAN
run_MBPP_2025-12-11T00:49:23.675982::mbpp-880,REPLAN
run_MBPP_2025-12-11T00:49:23.675982::mbpp-882,REPLAN
run_MBPP_2025-12-11T00:49:23.675982::mbpp-890,REPLAN
run_MBPP_2025-12-11T00:49:23.675982::mbpp-898,REPLAN
run_MBPP_2025-12-11T00:49:23.675982::mbpp-899,TOOL_FIX
run_MBPP_2025-12-11T00:49:23.675982::mbpp-900,REPLAN
run_MBPP_2025-12-11T00:49:23.675982::mbpp-903,REPLAN
run_MBPP_2025-12-11T00:49:23.675982::mbpp-907,REPLAN
run_MBPP_2025-12-11T00:49:23.675982::mbpp-910,REPLAN
run_MBPP_2025-12-11T00:49:23.675982::mbpp-912,REPLAN
run_MBPP_2025-12-11T00:49:23.675982::mbpp-915,REPLAN
run_MBPP_2025-12-11T00:49:23.675982::mbpp-916,TOOL_FIX
run_MBPP_2025-12-11T00:49:23.675982::mbpp-917,REPLAN
run_MBPP_2025-12-11T00:49:23.675982::mbpp-918,TOOL_FIX
run_MBPP_2025-12-11T00:49:23.675982::mbpp-920,REPLAN
run_MBPP_2025-12-11T00:49:23.675982::mbpp-922,REPLAN
run_MBPP_2025-12-11T00:49:23.675982::mbpp-923,TOOL_FIX
run_MBPP_2025-12-11T00:49:23.675982::mbpp-926,REPLAN
run_MBPP_2025-12-11T00:49:23.675982::mbpp-927,TOOL_FIX
run_MBPP_2025-12-11T00:49:23.675982::mbpp-930,REPLAN
run_MBPP_2025-12-11T00:49:23.675982::mbpp-938,TOOL_FIX
run_MBPP_2025-12-11T00:49:23.675982::mbpp-939,RETRY
run_MBPP_2025-12-11T00:49:23.675982::mbpp-944,REPLAN
run_MBPP_2025-12-11T00:49:23.675982::mbpp-949,TOOL_FIX
run_MBPP_2025-12-11T00:49:23.675982::mbpp-952,REPLAN
run_MBPP_2025-12-11T00:49:23.675982::mbpp-954,REPLAN
run_MBPP_2025-12-11T00:49:23.675982::mbpp-960,REPLAN
run_MBPP_2025-12-11T00:49:23.675982::mbpp-963,REPLAN
run_MBPP_2025-12-11T00:49:23.675982::mbpp-967,REPLAN
run_MBPP_2025-12-11T00:49:23.675982::mbpp-968,TOOL_FIX
run_MedBrowseComp_2025-12-19T21:55:32.749095::medbrowsecomp_0,RETRIEVE_MORE
run_MedBrowseComp_2025-12-19T21:55:32.749095::medbrowsecomp_101,REPLAN
run_MedBrowseComp_2025-12-19T21:55:32.749095::medbrowsecomp_102,RETRIEVE_MORE
run_MedBrowseComp_2025-12-19T21:55:32.749095::medbrowsecomp_103,RETRIEVE_MORE
run_MedBrowseComp_2025-12-19T21:55:32.749095::medbrowsecomp_104,RETRY
run_MedBrowseComp_2025-12-19T21:55:32.749095::medbrowsecomp_105,REPLAN
run_MedBrowseComp_2025-12-19T21:55:32.749095::medbrowsecomp_106,RETRIEVE_MORE
run_MedBrowseComp_2025-12-19T21:55:32.749095::medbrowsecomp_109,REPLAN
run_MedBrowseComp_2025-12-19T21:55:32.749095::medbrowsecomp_110,RETRIEVE_MORE
run_MedBrowseComp_2025-12-19T21:55:32.749095::medbrowsecomp_111,RETRY
run_MedBrowseComp_2025-12-19T21:55:32.749095::medbrowsecomp_112,REPLAN
run_MedBrowseComp_2025-12-19T21:55:32.749095::medbrowsecomp_113,REPLAN
run_MedBrowseComp_2025-12-19T21:55:32.749095::medbrowsecomp_115,RETRIEVE_MORE
run_MedBrowseComp_2025-12-19T21:55:32.749095::medbrowsecomp_116,REPLAN
run_MedBrowseComp_2025-12-19T21:55:32.749095::medbrowsecomp_120,RETRIEVE_MORE
run_MedBrowseComp_2025-12-19T21:55:32.749095::medbrowsecomp_121,REPLAN
run_MedBrowseComp_2025-12-19T21:55:32.749095::medbrowsecomp_124,RETRIEVE_MORE
run_MedBrowseComp_2025-12-19T21:55:32.749095::medbrowsecomp_125,TOOL_FIX
run_MedBrowseComp_2025-12-19T21:55:32.749095::medbrowsecomp_126,RETRIEVE_MORE
run_MedBrowseComp_2025-12-19T21:55:32.749095::medbrowsecomp_127,RETRIEVE_MORE
run_MedBrowseComp_2025-12-19T21:55:32.749095::medbrowsecomp_129,RETRIEVE_MORE
run_MedBrowseComp_2025-12-19T21:55:32.749095::medbrowsecomp_131,RETRIEVE_MORE
run_MedBrowseComp_2025-12-19T21:55:32.749095::medbrowsecomp_132,RETRIEVE_MORE
run_MedBrowseComp_2025-12-19T21:55:32.749095::medbrowsecomp_133,RETRIEVE_MORE
run_MedBrowseComp_2025-12-19T21:55:32.749095::medbrowsecomp_135,RETRIEVE_MORE
run_MedBrowseComp_2025-12-19T21:55:32.749095::medbrowsecomp_139,REPLAN
run_MedBrowseComp_2025-12-19T21:55:32.749095::medbrowsecomp_14,RETRIEVE_MORE
run_MedBrowseComp_2025-12-19T21:55:32.749095::medbrowsecomp_141,RETRY
run_MedBrowseComp_2025-12-19T21:55:32.749095::medbrowsecomp_146,RETRIEVE_MORE
run_MedBrowseComp_2025-12-19T21:55:32.749095::medbrowsecomp_147,RETRIEVE_MORE
run_MedBrowseComp_2025-12-19T21:55:32.749095::medbrowsecomp_152,RETRIEVE_MORE
run_MedBrowseComp_2025-12-19T21:55:32.749095::medbrowsecomp_153,RETRY
run_MedBrowseComp_2025-12-19T21:55:32.749095::medbrowsecomp_154,RETRIEVE_MORE
run_MedBrowseComp_2025-12-19T21:55:32.749095::medbrowsecomp_155,RETRY
run_MedBrowseComp_2025-12-19T21:55:32.749095::medbrowsecomp_157,REPLAN
run_MedBrowseComp_2025-12-19T21:55:32.749095::medbrowsecomp_159,REPLAN
run_MedBrowseComp_2025-12-19T21:55:32.749095::medbrowsecomp_16,RETRIEVE_MORE
run_MedBrowseComp_2025-12-19T21:55:32.749095::medbrowsecomp_160,RETRIEVE_MORE
run_MedBrowseComp_2025-12-19T21:55:32.749095::medbrowsecomp_161,RETRIEVE_MORE
run_MedBrowseComp_2025-12-19T21:55:32.749095::medbrowsecomp_163,RETRIEVE_MORE
run_MedBrowseComp_2025-12-19T21:55:32.749095::medbrowsecomp_164,RETRIEVE_MORE
run_MedBrowseComp_2025-12-19T21:55:32.749095::medbrowsecomp_165,RETRIEVE_MORE
run_MedBrowseComp_2025-12-19T21:55:32.749095::medbrowsecomp_167,RETRIEVE_MORE
run_MedBrowseComp_2025-12-19T21:55:32.749095::medbrowsecomp_17,RETRIEVE_MORE
run_MedBrowseComp_2025-12-19T21:55:32.749095::medbrowsecomp_172,RETRIEVE_MORE
run_MedBrowseComp_2025-12-19T21:55:32.749095::medbrowsecomp_174,RETRIEVE_MORE
run_MedBrowseComp_2025-12-19T21:55:32.749095::medbrowsecomp_177,RETRIEVE_MORE
run_MedBrowseComp_2025-12-19T21:55:32.749095::medbrowsecomp_179,RETRIEVE_MORE
run_MedBrowseComp_2025-12-19T21:55:32.749095::medbrowsecomp_18,RETRIEVE_MORE
run_MedBrowseComp_2025-12-19T21:55:32.749095::medbrowsecomp_180,RETRIEVE_MORE
run_MedBrowseComp_2025-12-19T21:55:32.749095::medbrowsecomp_182,RETRY
run_MedBrowseComp_2025-12-19T21:55:32.749095::medbrowsecomp_184,REPLAN
run_MedBrowseComp_2025-12-19T21:55:32.749095::medbrowsecomp_185,RETRIEVE_MORE
run_MedBrowseComp_2025-12-19T21:55:32.749095::medbrowsecomp_186,RETRIEVE_MORE
run_MedBrowseComp_2025-12-19T21:55:32.749095::medbrowsecomp_187,RETRIEVE_MORE
run_MedBrowseComp_2025-12-19T21:55:32.749095::medbrowsecomp_191,REPLAN
run_MedBrowseComp_2025-12-19T21:55:32.749095::medbrowsecomp_192,RETRIEVE_MORE
run_MedBrowseComp_2025-12-19T21:55:32.749095::medbrowsecomp_194,RETRY
run_MedBrowseComp_2025-12-19T21:55:32.749095::medbrowsecomp_195,RETRIEVE_MORE
run_MedBrowseComp_2025-12-19T21:55:32.749095::medbrowsecomp_198,RETRIEVE_MORE
run_MedBrowseComp_2025-12-19T21:55:32.749095::medbrowsecomp_2,RETRIEVE_MORE
run_MedBrowseComp_2025-12-19T21:55:32.749095::medbrowsecomp_200,ESCALATE
run_MedBrowseComp_2025-12-19T21:55:32.749095::medbrowsecomp_201,REPLAN
run_MedBrowseComp_2025-12-19T21:55:32.749095::medbrowsecomp_204,REPLAN
run_MedBrowseComp_2025-12-19T21:55:32.749095::medbrowsecomp_205,REPLAN
run_MedBrowseComp_2025-12-19T21:55:32.749095::medbrowsecomp_207,RETRIEVE_MORE
run_MedBrowseComp_2025-12-19T21:55:32.749095::medbrowsecomp_208,RETRIEVE_MORE
run_MedBrowseComp_2025-12-19T21:55:32.749095::medbrowsecomp_209,RETRIEVE_MORE
run_MedBrowseComp_2025-12-19T21:55:32.749095::medbrowsecomp_210,RETRIEVE_MORE
run_MedBrowseComp_2025-12-19T21:55:32.749095::medbrowsecomp_211,RETRIEVE_MORE
run_MedBrowseComp_2025-12-19T21:55:32.749095::medbrowsecomp_212,RETRIEVE_MORE
run_MedBrowseComp_2025-12-19T21:55:32.749095::medbrowsecomp_213,REPLAN
run_MedBrowseComp_2025-12-19T21:55:32.749095::medbrowsecomp_215,RETRIEVE_MORE
run_MedBrowseComp_2025-12-19T21:55:32.749095::medbrowsecomp_217,RETRIEVE_MORE
run_MedBrowseComp_2025-12-19T21:55:32.749095::medbrowsecomp_22,RETRIEVE_MORE
run_MedBrowseComp_2025-12-19T21:55:32.749095::medbrowsecomp_220,RETRIEVE_MORE
run_MedBrowseComp_2025-12-19T21:55:32.749095::medbrowsecomp_223,RETRIEVE_MORE
run_MedBrowseComp_2025-12-19T21:55:32.749095::medbrowsecomp_224,RETRIEVE_MORE
run_MedBrowseComp_2025-12-19T21:55:32.749095::medbrowsecomp_226,RETRIEVE_MORE
run_MedBrowseComp_2025-12-19T21:55:32.749095::medbrowsecomp_227,REPLAN
run_MedBrowseComp_2025-12-19T21:55:32.749095::medbrowsecomp_234,REPLAN
run_MedBrowseComp_2025-12-19T21:55:32.749095::medbrowsecomp_235,RETRIEVE_MORE
run_MedBrowseComp_2025-12-19T21:55:32.749095::medbrowsecomp_237,REPLAN
run_MedBrowseComp_2025-12-19T21:55:32.749095::medbrowsecomp_239,RETRIEVE_MORE
run_MedBrowseComp_2025-12-19T21:55:32.749095::medbrowsecomp_24,RETRIEVE_MORE
run_MedBrowseComp_2025-12-19T21:55:32.749095::medbrowsecomp_240,RETRIEVE_MORE
run_MedBrowseComp_2025-12-19T21:55:32.749095::medbrowsecomp_242,RETRIEVE_MORE
run_MedBrowseComp_2025-12-19T21:55:32.749095::medbrowsecomp_245,RETRIEVE_MORE
run_MedBrowseComp_2025-12-19T21:55:32.749095::medbrowsecomp_247,RETRIEVE_MORE
run_MedBrowseComp_2025-12-19T21:55:32.749095::medbrowsecomp_25,REPLAN
run_MedBrowseComp_2025-12-19T21:55:32.749095::medbrowsecomp_253,RETRIEVE_MORE
run_MedBrowseComp_2025-12-19T21:55:32.749095::medbrowsecomp_255,REPLAN
run_MedBrowseComp_2025-12-19T21:55:32.749095::medbrowsecomp_256,RETRIEVE_MORE
run_MedBrowseComp_2025-12-19T21:55:32.749095::medbrowsecomp_26,RETRIEVE_MORE
run_MedBrowseComp_2025-12-19T21:55:32.749095::medbrowsecomp_260,RETRIEVE_MORE
run_MedBrowseComp_2025-12-19T21:55:32.749095::medbrowsecomp_273,RETRIEVE_MORE
run_MedBrowseComp_2025-12-19T21:55:32.749095::medbrowsecomp_278,RETRIEVE_MORE
run_MedBrowseComp_2025-12-19T21:55:32.749095::medbrowsecomp_280,REPLAN
run_MedBrowseComp_2025-12-19T21:55:32.749095::medbrowsecomp_284,RETRY
run_MedBrowseComp_2025-12-19T21:55:32.749095::medbrowsecomp_286,RETRIEVE_MORE
run_MedBrowseComp_2025-12-19T21:55:32.749095::medbrowsecomp_3,RETRIEVE_MORE
run_MedBrowseComp_2025-12-19T21:55:32.749095::medbrowsecomp_30,REPLAN
run_MedBrowseComp_2025-12-19T21:55:32.749095::medbrowsecomp_300,RETRIEVE_MORE
run_MedBrowseComp_2025-12-19T21:55:32.749095::medbrowsecomp_306,RETRIEVE_MORE
run_MedBrowseComp_2025-12-19T21:55:32.749095::medbrowsecomp_307,RETRIEVE_MORE
run_MedBrowseComp_2025-12-19T21:55:32.749095::medbrowsecomp_308,RETRIEVE_MORE
run_MedBrowseComp_2025-12-19T21:55:32.749095::medbrowsecomp_31,RETRIEVE_MORE
run_MedBrowseComp_2025-12-19T21:55:32.749095::medbrowsecomp_312,REPLAN
run_MedBrowseComp_2025-12-19T21:55:32.749095::medbrowsecomp_313,RETRIEVE_MORE
run_MedBrowseComp_2025-12-19T21:55:32.749095::medbrowsecomp_318,RETRIEVE_MORE
run_MedBrowseComp_2025-12-19T21:55:32.749095::medbrowsecomp_321,REPLAN
run_MedBrowseComp_2025-12-19T21:55:32.749095::medbrowsecomp_326,REPLAN
run_MedBrowseComp_2025-12-19T21:55:32.749095::medbrowsecomp_329,RETRIEVE_MORE
run_MedBrowseComp_2025-12-19T21:55:32.749095::medbrowsecomp_334,RETRIEVE_MORE
run_MedBrowseComp_2025-12-19T21:55:32.749095::medbrowsecomp_336,RETRIEVE_MORE
run_MedBrowseComp_2025-12-19T21:55:32.749095::medbrowsecomp_338,RETRIEVE_MORE
run_MedBrowseComp_2025-12-19T21:55:32.749095::medbrowsecomp_343,RETRIEVE_MORE
run_MedBrowseComp_2025-12-19T21:55:32.749095::medbrowsecomp_347,RETRIEVE_MORE
run_MedBrowseComp_2025-12-19T21:55:32.749095::medbrowsecomp_355,REPLAN
run_MedBrowseComp_2025-12-19T21:55:32.749095::medbrowsecomp_356,RETRIEVE_MORE
run_MedBrowseComp_2025-12-19T21:55:32.749095::medbrowsecomp_357,RETRIEVE_MORE
run_MedBrowseComp_2025-12-19T21:55:32.749095::medbrowsecomp_358,REPLAN
run_MedBrowseComp_2025-12-19T21:55:32.749095::medbrowsecomp_362,RETRIEVE_MORE
run_MedBrowseComp_2025-12-19T21:55:32.749095::medbrowsecomp_368,RETRIEVE_MORE
run_MedBrowseComp_2025-12-19T21:55:32.749095::medbrowsecomp_37,REPLAN
run_MedBrowseComp_2025-12-19T21:55:32.749095::medbrowsecomp_370,RETRIEVE_MORE
run_MedBrowseComp_2025-12-19T21:55:32.749095::medbrowsecomp_377,RETRIEVE_MORE
run_MedBrowseComp_2025-12-19T21:55:32.749095::medbrowsecomp_38,REPLAN
run_MedBrowseComp_2025-12-19T21:55:32.749095::medbrowsecomp_381,RETRIEVE_MORE
run_MedBrowseComp_2025-12-19T21:55:32.749095::medbrowsecomp_385,REPLAN
run_MedBrowseComp_2025-12-19T21:55:32.749095::medbrowsecomp_389,RETRIEVE_MORE
run_MedBrowseComp_2025-12-19T21:55:32.749095::medbrowsecomp_394,RETRIEVE_MORE
run_MedBrowseComp_2025-12-19T21:55:32.749095::medbrowsecomp_396,RETRIEVE_MORE
run_MedBrowseComp_2025-12-19T21:55:32.749095::medbrowsecomp_40,REPLAN
run_MedBrowseComp_2025-12-19T21:55:32.749095::medbrowsecomp_401,REPLAN
run_MedBrowseComp_2025-12-19T21:55:32.749095::medbrowsecomp_42,RETRIEVE_MORE
run_MedBrowseComp_2025-12-19T21:55:32.749095::medbrowsecomp_44,RETRIEVE_MORE
run_MedBrowseComp_2025-12-19T21:55:32.749095::medbrowsecomp_45,RETRIEVE_MORE
run_MedBrowseComp_2025-12-19T21:55:32.749095::medbrowsecomp_46,REPLAN
run_MedBrowseComp_2025-12-19T21:55:32.749095::medbrowsecomp_47,RETRIEVE_MORE
run_MedBrowseComp_2025-12-19T21:55:32.749095::medbrowsecomp_5,RETRIEVE_MORE
run_MedBrowseComp_2025-12-19T21:55:32.749095::medbrowsecomp_50,RETRIEVE_MORE
run_MedBrowseComp_2025-12-19T21:55:32.749095::medbrowsecomp_51,RETRIEVE_MORE
run_MedBrowseComp_2025-12-19T21:55:32.749095::medbrowsecomp_52,REPLAN
run_MedBrowseComp_2025-12-19T21:55:32.749095::medbrowsecomp_53,RETRIEVE_MORE
run_MedBrowseComp_2025-12-19T21:55:32.749095::medbrowsecomp_54,REPLAN
run_MedBrowseComp_2025-12-19T21:55:32.749095::medbrowsecomp_55,RETRIEVE_MORE
run_MedBrowseComp_2025-12-19T21:55:32.749095::medbrowsecomp_57,RETRIEVE_MORE
run_MedBrowseComp_2025-12-19T21:55:32.749095::medbrowsecomp_58,RETRIEVE_MORE
run_MedBrowseComp_2025-12-19T21:55:32.749095::medbrowsecomp_59,RETRIEVE_MORE
run_MedBrowseComp_2025-12-19T21:55:32.749095::medbrowsecomp_63,RETRIEVE_MORE
run_MedBrowseComp_2025-12-19T21:55:32.749095::medbrowsecomp_64,RETRIEVE_MORE
run_MedBrowseComp_2025-12-19T21:55:32.749095::medbrowsecomp_65,RETRIEVE_MORE
run_MedBrowseComp_2025-12-19T21:55:32.749095::medbrowsecomp_66,RETRIEVE_MORE
run_MedBrowseComp_2025-12-19T21:55:32.749095::medbrowsecomp_67,REPLAN
run_MedBrowseComp_2025-12-19T21:55:32.749095::medbrowsecomp_69,RETRIEVE_MORE
run_MedBrowseComp_2025-12-19T21:55:32.749095::medbrowsecomp_7,REPLAN
run_MedBrowseComp_2025-12-19T21:55:32.749095::medbrowsecomp_70,RETRIEVE_MORE
run_MedBrowseComp_2025-12-19T21:55:32.749095::medbrowsecomp_71,RETRIEVE_MORE
run_MedBrowseComp_2025-12-19T21:55:32.749095::medbrowsecomp_73,REPLAN
run_MedBrowseComp_2025-12-19T21:55:32.749095::medbrowsecomp_74,RETRIEVE_MORE
run_MedBrowseComp_2025-12-19T21:55:32.749095::medbrowsecomp_76,REPLAN
run_MedBrowseComp_2025-12-19T21:55:32.749095::medbrowsecomp_79,REPLAN
run_MedBrowseComp_2025-12-19T21:55:32.749095::medbrowsecomp_8,REPLAN
run_MedBrowseComp_2025-12-19T21:55:32.749095::medbrowsecomp_80,RETRIEVE_MORE
run_MedBrowseComp_2025-12-19T21:55:32.749095::medbrowsecomp_81,RETRIEVE_MORE
run_MedBrowseComp_2025-12-19T21:55:32.749095::medbrowsecomp_82,RETRIEVE_MORE
run_MedBrowseComp_2025-12-19T21:55:32.749095::medbrowsecomp_83,RETRIEVE_MORE
run_MedBrowseComp_2025-12-19T21:55:32.749095::medbrowsecomp_84,RETRIEVE_MORE
run_MedBrowseComp_2025-12-19T21:55:32.749095::medbrowsecomp_85,RETRIEVE_MORE
run_MedBrowseComp_2025-12-19T21:55:32.749095::medbrowsecomp_86,RETRIEVE_MORE
run_MedBrowseComp_2025-12-19T21:55:32.749095::medbrowsecomp_87,RETRIEVE_MORE
run_MedBrowseComp_2025-12-19T21:55:32.749095::medbrowsecomp_88,RETRY
run_MedBrowseComp_2025-12-19T21:55:32.749095::medbrowsecomp_89,RETRIEVE_MORE
run_MedBrowseComp_2025-12-19T21:55:32.749095::medbrowsecomp_92,REPLAN
run_MedBrowseComp_2025-12-19T21:55:32.749095::medbrowsecomp_93,RETRIEVE_MORE
run_MedBrowseComp_2025-12-19T21:55:32.749095::medbrowsecomp_94,REPLAN
run_MedBrowseComp_2025-12-19T21:55:32.749095::medbrowsecomp_99,RETRIEVE_MORE
run_MedBrowseComp_2025-12-20T04:32:10.895355::medbrowsecomp_0,TOOL_FIX
run_MedBrowseComp_2025-12-20T04:32:10.895355::medbrowsecomp_1,RETRIEVE_MORE
run_MedBrowseComp_2025-12-20T04:32:10.895355::medbrowsecomp_11,RETRIEVE_MORE
run_MedBrowseComp_2025-12-20T04:32:10.895355::medbrowsecomp_12,RETRIEVE_MORE
run_MedBrowseComp_2025-12-20T04:32:10.895355::medbrowsecomp_13,RETRIEVE_MORE
run_MedBrowseComp_2025-12-20T04:32:10.895355::medbrowsecomp_14,RETRIEVE_MORE
run_MedBrowseComp_2025-12-20T04:32:10.895355::medbrowsecomp_15,RETRIEVE_MORE
run_MedBrowseComp_2025-12-20T04:32:10.895355::medbrowsecomp_17,TOOL_FIX
run_MedBrowseComp_2025-12-20T04:32:10.895355::medbrowsecomp_19,RETRIEVE_MORE
run_MedBrowseComp_2025-12-20T04:32:10.895355::medbrowsecomp_20,TOOL_FIX
run_MedBrowseComp_2025-12-20T04:32:10.895355::medbrowsecomp_22,TOOL_FIX
run_MedBrowseComp_2025-12-20T04:32:10.895355::medbrowsecomp_23,TOOL_FIX
run_MedBrowseComp_2025-12-20T04:32:10.895355::medbrowsecomp_24,TOOL_FIX
run_MedBrowseComp_2025-12-20T04:32:10.895355::medbrowsecomp_25,TOOL_FIX
run_MedBrowseComp_2025-12-20T04:32:10.895355::medbrowsecomp_28,TOOL_FIX
run_MedBrowseComp_2025-12-20T04:32:10.895355::medbrowsecomp_29,TOOL_FIX
run_MedBrowseComp_2025-12-20T04:32:10.895355::medbrowsecomp_3,REPLAN
run_MedBrowseComp_2025-12-20T04:32:10.895355::medbrowsecomp_30,REPLAN
run_MedBrowseComp_2025-12-20T04:32:10.895355::medbrowsecomp_31,TOOL_FIX
run_MedBrowseComp_2025-12-20T04:32:10.895355::medbrowsecomp_32,TOOL_FIX
run_MedBrowseComp_2025-12-20T04:32:10.895355::medbrowsecomp_33,TOOL_FIX
run_MedBrowseComp_2025-12-20T04:32:10.895355::medbrowsecomp_34,TOOL_FIX
run_MedBrowseComp_2025-12-20T04:32:10.895355::medbrowsecomp_35,TOOL_FIX
run_MedBrowseComp_2025-12-20T04:32:10.895355::medbrowsecomp_36,TOOL_FIX
run_MedBrowseComp_2025-12-20T04:32:10.895355::medbrowsecomp_37,TOOL_FIX
run_MedBrowseComp_2025-12-20T04:32:10.895355::medbrowsecomp_38,TOOL_FIX
run_MedBrowseComp_2025-12-20T04:32:10.895355::medbrowsecomp_39,TOOL_FIX
run_MedBrowseComp_2025-12-20T04:32:10.895355::medbrowsecomp_40,TOOL_FIX
run_MedBrowseComp_2025-12-20T04:32:10.895355::medbrowsecomp_41,TOOL_FIX
run_MedBrowseComp_2025-12-20T04:32:10.895355::medbrowsecomp_42,TOOL_FIX
run_MedBrowseComp_2025-12-20T04:32:10.895355::medbrowsecomp_43,TOOL_FIX
run_MedBrowseComp_2025-12-20T04:32:10.895355::medbrowsecomp_44,TOOL_FIX
run_MedBrowseComp_2025-12-20T04:32:10.895355::medbrowsecomp_46,TOOL_FIX
run_MedBrowseComp_2025-12-20T04:32:10.895355::medbrowsecomp_48,REPLAN
run_MedBrowseComp_2025-12-20T04:32:10.895355::medbrowsecomp_49,TOOL_FIX
run_MedBrowseComp_2025-12-20T04:32:10.895355::medbrowsecomp_50,TOOL_FIX
run_MedBrowseComp_2025-12-20T04:32:10.895355::medbrowsecomp_51,REPLAN
run_MedBrowseComp_2025-12-20T04:32:10.895355::medbrowsecomp_52,RETRIEVE_MORE
run_MedBrowseComp_2025-12-20T04:32:10.895355::medbrowsecomp_53,REPLAN
run_MedBrowseComp_2025-12-20T04:32:10.895355::medbrowsecomp_55,RETRIEVE_MORE
run_MedBrowseComp_2025-12-20T04:32:10.895355::medbrowsecomp_6,RETRIEVE_MORE
run_MedBrowseComp_2025-12-20T04:32:10.895355::medbrowsecomp_60,REPLAN
run_MedBrowseComp_2025-12-20T04:32:10.895355::medbrowsecomp_61,REPLAN
run_MedBrowseComp_2025-12-20T04:32:10.895355::medbrowsecomp_62,RETRIEVE_MORE
run_MedBrowseComp_2025-12-20T04:32:10.895355::medbrowsecomp_63,REPLAN
run_MedBrowseComp_2025-12-20T04:32:10.895355::medbrowsecomp_64,REPLAN
run_MedBrowseComp_2025-12-20T04:32:10.895355::medbrowsecomp_65,RETRIEVE_MORE
run_MedBrowseComp_2025-12-20T04:32:10.895355::medbrowsecomp_69,REPLAN
run_MedBrowseComp_2025-12-20T04:32:10.895355::medbrowsecomp_70,RETRIEVE_MORE
run_MedBrowseComp_2025-12-20T04:32:10.895355::medbrowsecomp_71,RETRIEVE_MORE
run_MedBrowseComp_2025-12-20T04:32:10.895355::medbrowsecomp_72,RETRIEVE_MORE
run_MedBrowseComp_2025-12-20T04:32:10.895355::medbrowsecomp_74,RETRIEVE_MORE
run_MedBrowseComp_2025-12-20T04:32:10.895355::medbrowsecomp_75,RETRIEVE_MORE
run_MedBrowseComp_2025-12-20T04:32:10.895355::medbrowsecomp_78,RETRIEVE_MORE
run_MedBrowseComp_2025-12-20T04:32:10.895355::medbrowsecomp_79,RETRIEVE_MORE
run_MedBrowseComp_2025-12-20T04:32:10.895355::medbrowsecomp_8,RETRIEVE_MORE
run_MedBrowseComp_2025-12-20T04:32:10.895355::medbrowsecomp_9,RETRIEVE_MORE
run_SealQA_2025-12-18T02:41:05.742380::sealqa_1,RETRY
run_SealQA_2025-12-18T02:41:05.742380::sealqa_101,REPLAN
run_SealQA_2025-12-18T02:41:05.742380::sealqa_105,RETRIEVE_MORE
run_SealQA_2025-12-18T02:41:05.742380::sealqa_107,REPLAN
run_SealQA_2025-12-18T02:41:05.742380::sealqa_11,RETRIEVE_MORE
run_SealQA_2025-12-18T02:41:05.742380::sealqa_110,REPLAN
run_SealQA_2025-12-18T02:41:05.742380::sealqa_111,REPLAN
run_SealQA_2025-12-18T02:41:05.742380::sealqa_112,RETRIEVE_MORE
run_SealQA_2025-12-18T02:41:05.742380::sealqa_113,REPLAN
run_SealQA_2025-12-18T02:41:05.742380::sealqa_114,RETRIEVE_MORE
run_SealQA_2025-12-18T02:41:05.742380::sealqa_116,REPLAN
run_SealQA_2025-12-18T02:41:05.742380::sealqa_118,RETRIEVE_MORE
run_SealQA_2025-12-18T02:41:05.742380::sealqa_12,REPLAN
run_SealQA_2025-12-18T02:41:05.742380::sealqa_120,RETRIEVE_MORE
run_SealQA_2025-12-18T02:41:05.742380::sealqa_121,RETRIEVE_MORE
run_SealQA_2025-12-18T02:41:05.742380::sealqa_122,RETRIEVE_MORE
run_SealQA_2025-12-18T02:41:05.742380::sealqa_123,REPLAN
run_SealQA_2025-12-18T02:41:05.742380::sealqa_126,TOOL_FIX
run_SealQA_2025-12-18T02:41:05.742380::sealqa_129,RETRY
run_SealQA_2025-12-18T02:41:05.742380::sealqa_13,REPLAN
run_SealQA_2025-12-18T02:41:05.742380::sealqa_133,RETRIEVE_MORE
run_SealQA_2025-12-18T02:41:05.742380::sealqa_135,REPLAN
run_SealQA_2025-12-18T02:41:05.742380::sealqa_142,RETRIEVE_MORE
run_SealQA_2025-12-18T02:41:05.742380::sealqa_143,REPLAN
run_SealQA_2025-12-18T02:41:05.742380::sealqa_151,REPLAN
run_SealQA_2025-12-18T02:41:05.742380::sealqa_154,REPLAN
run_SealQA_2025-12-18T02:41:05.742380::sealqa_157,RETRY
run_SealQA_2025-12-18T02:41:05.742380::sealqa_161,REPLAN
run_SealQA_2025-12-18T02:41:05.742380::sealqa_162,REPLAN
run_SealQA_2025-12-18T02:41:05.742380::sealqa_171,RETRIEVE_MORE
run_SealQA_2025-12-18T02:41:05.742380::sealqa_176,REPLAN
run_SealQA_2025-12-18T02:41:05.742380::sealqa_179,REPLAN
run_SealQA_2025-12-18T02:41:05.742380::sealqa_181,RETRIEVE_MORE
run_SealQA_2025-12-18T02:41:05.742380::sealqa_183,RETRY
run_SealQA_2025-12-18T02:41:05.742380::sealqa_184,REPLAN
run_SealQA_2025-12-18T02:41:05.742380::sealqa_186,REPLAN
run_SealQA_2025-12-18T02:41:05.742380::sealqa_187,RETRIEVE_MORE
run_SealQA_2025-12-18T02:41:05.742380::sealqa_189,RETRIEVE_MORE
run_SealQA_2025-12-18T02:41:05.742380::sealqa_190,REPLAN
run_SealQA_2025-12-18T02:41:05.742380::sealqa_192,REPLAN
run_SealQA_2025-12-18T02:41:05.742380::sealqa_194,RETRIEVE_MORE
run_SealQA_2025-12-18T02:41:05.742380::sealqa_196,REPLAN
run_SealQA_2025-12-18T02:41:05.742380::sealqa_197,REPLAN
run_SealQA_2025-12-18T02:41:05.742380::sealqa_198,REPLAN
run_SealQA_2025-12-18T02:41:05.742380::sealqa_2,RETRIEVE_MORE
run_SealQA_2025-12-18T02:41:05.742380::sealqa_201,RETRIEVE_MORE
run_SealQA_2025-12-18T02:41:05.742380::sealqa_207,REPLAN
run_SealQA_2025-12-18T02:41:05.742380::sealqa_208,REPLAN
run_SealQA_2025-12-18T02:41:05.742380::sealqa_21,REPLAN
run_SealQA_2025-12-18T02:41:05.742380::sealqa_210,RETRIEVE_MORE
run_SealQA_2025-12-18T02:41:05.742380::sealqa_212,REPLAN
run_SealQA_2025-12-18T02:41:05.742380::sealqa_213,RETRIEVE_MORE
run_SealQA_2025-12-18T02:41:05.742380::sealqa_214,REPLAN
run_SealQA_2025-12-18T02:41:05.742380::sealqa_216,REPLAN
run_SealQA_2025-12-18T02:41:05.742380::sealqa_217,RETRIEVE_MORE
run_SealQA_2025-12-18T02:41:05.742380::sealqa_218,RETRIEVE_MORE
run_SealQA_2025-12-18T02:41:05.742380::sealqa_219,REPLAN
run_SealQA_2025-12-18T02:41:05.742380::sealqa_22,RETRY
run_SealQA_2025-12-18T02:41:05.742380::sealqa_220,REPLAN
run_SealQA_2025-12-18T02:41:05.742380::sealqa_221,RETRIEVE_MORE
run_SealQA_2025-12-18T02:41:05.742380::sealqa_222,REPLAN
run_SealQA_2025-12-18T02:41:05.742380::sealqa_223,REPLAN
run_SealQA_2025-12-18T02:41:05.742380::sealqa_224,RETRIEVE_MORE
run_SealQA_2025-12-18T02:41:05.742380::sealqa_226,RETRIEVE_MORE
run_SealQA_2025-12-18T02:41:05.742380::sealqa_229,REPLAN
run_SealQA_2025-12-18T02:41:05.742380::sealqa_23,RETRIEVE_MORE
run_SealQA_2025-12-18T02:41:05.742380::sealqa_233,REPLAN
run_SealQA_2025-12-18T02:41:05.742380::sealqa_235,REPLAN
run_SealQA_2025-12-18T02:41:05.742380::sealqa_238,RETRIEVE_MORE
run_SealQA_2025-12-18T02:41:05.742380::sealqa_239,TOOL_FIX
run_SealQA_2025-12-18T02:41:05.742380::sealqa_29,RETRIEVE_MORE
run_SealQA_2025-12-18T02:41:05.742380::sealqa_3,REPLAN
run_SealQA_2025-12-18T02:41:05.742380::sealqa_30,RETRIEVE_MORE
run_SealQA_2025-12-18T02:41:05.742380::sealqa_31,RETRIEVE_MORE
run_SealQA_2025-12-18T02:41:05.742380::sealqa_32,RETRIEVE_MORE
run_SealQA_2025-12-18T02:41:05.742380::sealqa_33,RETRIEVE_MORE
run_SealQA_2025-12-18T02:41:05.742380::sealqa_34,RETRIEVE_MORE
run_SealQA_2025-12-18T02:41:05.742380::sealqa_35,RETRIEVE_MORE
run_SealQA_2025-12-18T02:41:05.742380::sealqa_36,RETRIEVE_MORE
run_SealQA_2025-12-18T02:41:05.742380::sealqa_37,RETRIEVE_MORE
run_SealQA_2025-12-18T02:41:05.742380::sealqa_38,REPLAN
run_SealQA_2025-12-18T02:41:05.742380::sealqa_39,REPLAN
run_SealQA_2025-12-18T02:41:05.742380::sealqa_41,REPLAN
run_SealQA_2025-12-18T02:41:05.742380::sealqa_42,RETRIEVE_MORE
run_SealQA_2025-12-18T02:41:05.742380::sealqa_43,RETRY
run_SealQA_2025-12-18T02:41:05.742380::sealqa_44,REPLAN
run_SealQA_2025-12-18T02:41:05.742380::sealqa_45,RETRIEVE_MORE
run_SealQA_2025-12-18T02:41:05.742380::sealqa_46,REPLAN
run_SealQA_2025-12-18T02:41:05.742380::sealqa_47,RETRIEVE_MORE
run_SealQA_2025-12-18T02:41:05.742380::sealqa_48,RETRIEVE_MORE
run_SealQA_2025-12-18T02:41:05.742380::sealqa_5,REPLAN
run_SealQA_2025-12-18T02:41:05.742380::sealqa_51,RETRIEVE_MORE
run_SealQA_2025-12-18T02:41:05.742380::sealqa_52,RETRIEVE_MORE
run_SealQA_2025-12-18T02:41:05.742380::sealqa_53,REPLAN
run_SealQA_2025-12-18T02:41:05.742380::sealqa_56,RETRIEVE_MORE
run_SealQA_2025-12-18T02:41:05.742380::sealqa_57,RETRIEVE_MORE
run_SealQA_2025-12-18T02:41:05.742380::sealqa_58,REPLAN
run_SealQA_2025-12-18T02:41:05.742380::sealqa_59,RETRIEVE_MORE
run_SealQA_2025-12-18T02:41:05.742380::sealqa_60,RETRIEVE_MORE
run_SealQA_2025-12-18T02:41:05.742380::sealqa_61,RETRIEVE_MORE
run_SealQA_2025-12-18T02:41:05.742380::sealqa_62,RETRIEVE_MORE
run_SealQA_2025-12-18T02:41:05.742380::sealqa_63,RETRIEVE_MORE
run_SealQA_2025-12-18T02:41:05.742380::sealqa_64,REPLAN
run_SealQA_2025-12-18T02:41:05.742380::sealqa_66,RETRIEVE_MORE
run_SealQA_2025-12-18T02:41:05.742380::sealqa_67,REPLAN
run_SealQA_2025-12-18T02:41:05.742380::sealqa_69,REPLAN
run_SealQA_2025-12-18T02:41:05.742380::sealqa_7,RETRIEVE_MORE
run_SealQA_2025-12-18T02:41:05.742380::sealqa_74,RETRIEVE_MORE
run_SealQA_2025-12-18T02:41:05.742380::sealqa_78,REPLAN
run_SealQA_2025-12-18T02:41:05.742380::sealqa_79,REPLAN
run_SealQA_2025-12-18T02:41:05.742380::sealqa_8,RETRIEVE_MORE
run_SealQA_2025-12-18T02:41:05.742380::sealqa_80,REPLAN
run_SealQA_2025-12-18T02:41:05.742380::sealqa_81,REPLAN
run_SealQA_2025-12-18T02:41:05.742380::sealqa_96,RETRY
run_SealQA_2025-12-18T23:33:24.456147::sealqa_0,RETRIEVE_MORE
run_SealQA_2025-12-18T23:33:24.456147::sealqa_10,REPLAN
run_SealQA_2025-12-18T23:33:24.456147::sealqa_11,RETRIEVE_MORE
run_SealQA_2025-12-18T23:33:24.456147::sealqa_12,REPLAN
run_SealQA_2025-12-18T23:33:24.456147::sealqa_13,RETRIEVE_MORE
run_SealQA_2025-12-18T23:33:24.456147::sealqa_6,REPLAN
run_GSM8K_2025-12-20T07:31:17.721477::gsm8k_7,LOCAL_REPAIR
run_MedBrowseComp_2025-12-20T04:32:10.895355::medbrowsecomp_2,LOCAL_REPAIR
run_MedBrowseComp_2025-12-20T04:32:10.895355::medbrowsecomp_4,LOCAL_REPAIR
run_MedBrowseComp_2025-12-20T04:32:10.895355::medbrowsecomp_10,LOCAL_REPAIR
run_MedBrowseComp_2025-12-20T04:32:10.895355::medbrowsecomp_16,LOCAL_REPAIR
run_MedBrowseComp_2025-12-20T04:32:10.895355::medbrowsecomp_18,LOCAL_REPAIR
run_MedBrowseComp_2025-12-20T04:32:10.895355::medbrowsecomp_21,LOCAL_REPAIR
run_MedBrowseComp_2025-12-20T04:32:10.895355::medbrowsecomp_45,LOCAL_REPAIR
run_MedBrowseComp_2025-12-20T04:32:10.895355::medbrowsecomp_67,LOCAL_REPAIR
run_MedBrowseComp_2025-12-20T04:32:10.895355::medbrowsecomp_77,LOCAL_REPAIR
run_GSM8K_2025-11-21T03:53:11.830765::12,LOCAL_REPAIR
run_GSM8K_2025-11-21T04:46:29.543781::12,LOCAL_REPAIR
run_GSM8K_2025-11-21T04:46:29.543781::37,LOCAL_REPAIR
run_GSM8K_2025-11-21T04:46:29.543781::53,LOCAL_REPAIR
run_GSM8K_2025-11-21T04:46:29.543781::87,LOCAL_REPAIR
run_GSM8K_2025-11-21T04:46:29.543781::100,LOCAL_REPAIR
run_GSM8K_2025-11-21T04:46:29.543781::128,LOCAL_REPAIR
run_GSM8K_2025-11-21T04:46:29.543781::154,LOCAL_REPAIR
run_GSM8K_2025-11-21T04:46:29.543781::155,LOCAL_REPAIR
run_GSM8K_2025-11-21T04:46:29.543781::159,LOCAL_REPAIR
run_GSM8K_2025-11-21T04:46:29.543781::162,LOCAL_REPAIR
run_GSM8K_2025-11-21T04:46:29.543781::163,LOCAL_REPAIR
run_GSM8K_2025-11-21T04:46:29.543781::187,LOCAL_REPAIR
run_GSM8K_2025-11-21T04:46:29.543781::189,LOCAL_REPAIR
run_GSM8K_2025-11-21T04:46:29.543781::226,LOCAL_REPAIR
run_GSM8K_2025-11-21T04:46:29.543781::236,LOCAL_REPAIR
run_GSM8K_2025-11-21T04:46:29.543781::242,LOCAL_REPAIR
run_BrowseComp_2025-12-15T20:38:47.779542::browsecomp_1,LOCAL_REPAIR
run_BrowseComp_2025-12-15T20:38:47.779542::browsecomp_4,LOCAL_REPAIR
run_BrowseComp_2025-12-15T20:38:47.779542::browsecomp_5,LOCAL_REPAIR
run_BrowseComp_2025-12-15T20:38:47.779542::browsecomp_9,LOCAL_REPAIR
run_SealQA_2025-12-18T02:41:05.742380::sealqa_0,LOCAL_REPAIR
run_SealQA_2025-12-18T02:41:05.742380::sealqa_15,LOCAL_REPAIR
run_SealQA_2025-12-18T02:41:05.742380::sealqa_16,LOCAL_REPAIR
run_SealQA_2025-12-18T02:41:05.742380::sealqa_19,LOCAL_REPAIR
run_SealQA_2025-12-18T02:41:05.742380::sealqa_25,LOCAL_REPAIR
run_SealQA_2025-12-18T02:41:05.742380::sealqa_50,LOCAL_REPAIR
run_SealQA_2025-12-18T02:41:05.742380::sealqa_65,LOCAL_REPAIR
run_SealQA_2025-12-18T02:41:05.742380::sealqa_68,LOCAL_REPAIR
run_SealQA_2025-12-18T02:41:05.742380::sealqa_71,LOCAL_REPAIR
run_SealQA_2025-12-18T02:41:05.742380::sealqa_72,LOCAL_REPAIR
run_SealQA_2025-12-18T02:41:05.742380::sealqa_106,LOCAL_REPAIR
run_SealQA_2025-12-18T02:41:05.742380::sealqa_117,LOCAL_REPAIR
run_SealQA_2025-12-18T02:41:05.742380::sealqa_119,LOCAL_REPAIR
run_SealQA_2025-12-18T02:41:05.742380::sealqa_128,LOCAL_REPAIR
run_SealQA_2025-12-18T02:41:05.742380::sealqa_132,LOCAL_REPAIR
run_SealQA_2025-12-18T02:41:05.742380::sealqa_145,LOCAL_REPAIR
run_SealQA_2025-12-18T02:41:05.742380::sealqa_149,LOCAL_REPAIR
run_SealQA_2025-12-18T02:41:05.742380::sealqa_152,LOCAL_REPAIR
run_SealQA_2025-12-18T02:41:05.742380::sealqa_153,LOCAL_REPAIR
run_SealQA_2025-12-18T02:41:05.742380::sealqa_156,LOCAL_REPAIR
run_SealQA_2025-12-18T02:41:05.742380::sealqa_203,LOCAL_REPAIR
run_SealQA_2025-12-18T02:41:05.742380::sealqa_205,LOCAL_REPAIR
run_SealQA_2025-12-18T02:41:05.742380::sealqa_209,LOCAL_REPAIR
run_SealQA_2025-12-18T02:41:05.742380::sealqa_230,LOCAL_REPAIR
run_SealQA_2025-12-18T02:41:05.742380::sealqa_234,LOCAL_REPAIR
run_SealQA_2025-12-18T02:41:05.742380::sealqa_236,LOCAL_REPAIR
run_MedBrowseComp_2025-12-19T21:55:32.749095::medbrowsecomp_9,LOCAL_REPAIR
run_MedBrowseComp_2025-12-19T21:55:32.749095::medbrowsecomp_10,LOCAL_REPAIR
run_MedBrowseComp_2025-12-19T21:55:32.749095::medbrowsecomp_11,LOCAL_REPAIR
run_MedBrowseComp_2025-12-19T21:55:32.749095::medbrowsecomp_13,LOCAL_REPAIR
run_MedBrowseComp_2025-12-19T21:55:32.749095::medbrowsecomp_19,LOCAL_REPAIR
run_MedBrowseComp_2025-12-19T21:55:32.749095::medbrowsecomp_21,LOCAL_REPAIR
run_MedBrowseComp_2025-12-19T21:55:32.749095::medbrowsecomp_27,LOCAL_REPAIR
run_MedBrowseComp_2025-12-19T21:55:32.749095::medbrowsecomp_29,LOCAL_REPAIR
run_MedBrowseComp_2025-12-19T21:55:32.749095::medbrowsecomp_34,LOCAL_REPAIR
run_MedBrowseComp_2025-12-19T21:55:32.749095::medbrowsecomp_35,LOCAL_REPAIR
run_MedBrowseComp_2025-12-19T21:55:32.749095::medbrowsecomp_36,LOCAL_REPAIR
run_MedBrowseComp_2025-12-19T21:55:32.749095::medbrowsecomp_39,LOCAL_REPAIR
run_MedBrowseComp_2025-12-19T21:55:32.749095::medbrowsecomp_43,LOCAL_REPAIR
run_MedBrowseComp_2025-12-19T21:55:32.749095::medbrowsecomp_48,LOCAL_REPAIR
run_MedBrowseComp_2025-12-19T21:55:32.749095::medbrowsecomp_49,LOCAL_REPAIR
run_MedBrowseComp_2025-12-19T21:55:32.749095::medbrowsecomp_60,LOCAL_REPAIR
run_MedBrowseComp_2025-12-19T21:55:32.749095::medbrowsecomp_61,LOCAL_REPAIR
run_MedBrowseComp_2025-12-19T21:55:32.749095::medbrowsecomp_72,LOCAL_REPAIR
run_MedBrowseComp_2025-12-19T21:55:32.749095::medbrowsecomp_75,LOCAL_REPAIR
run_MedBrowseComp_2025-12-19T21:55:32.749095::medbrowsecomp_95,LOCAL_REPAIR
run_MedBrowseComp_2025-12-19T21:55:32.749095::medbrowsecomp_97,LOCAL_REPAIR
run_MedBrowseComp_2025-12-19T21:55:32.749095::medbrowsecomp_107,LOCAL_REPAIR
run_MedBrowseComp_2025-12-19T21:55:32.749095::medbrowsecomp_128,LOCAL_REPAIR
run_MedBrowseComp_2025-12-19T21:55:32.749095::medbrowsecomp_134,LOCAL_REPAIR
run_MedBrowseComp_2025-12-19T21:55:32.749095::medbrowsecomp_136,LOCAL_REPAIR
run_MedBrowseComp_2025-12-19T21:55:32.749095::medbrowsecomp_138,LOCAL_REPAIR
run_MedBrowseComp_2025-12-19T21:55:32.749095::medbrowsecomp_140,LOCAL_REPAIR
run_MedBrowseComp_2025-12-19T21:55:32.749095::medbrowsecomp_143,LOCAL_REPAIR
run_MedBrowseComp_2025-12-19T21:55:32.749095::medbrowsecomp_148,LOCAL_REPAIR
run_MedBrowseComp_2025-12-19T21:55:32.749095::medbrowsecomp_158,LOCAL_REPAIR
run_MedBrowseComp_2025-12-19T21:55:32.749095::medbrowsecomp_162,LOCAL_REPAIR
run_MedBrowseComp_2025-12-19T21:55:32.749095::medbrowsecomp_166,LOCAL_REPAIR
run_MedBrowseComp_2025-12-19T21:55:32.749095::medbrowsecomp_168,LOCAL_REPAIR
run_MedBrowseComp_2025-12-19T21:55:32.749095::medbrowsecomp_169,LOCAL_REPAIR
run_MedBrowseComp_2025-12-19T21:55:32.749095::medbrowsecomp_173,LOCAL_REPAIR
run_MedBrowseComp_2025-12-19T21:55:32.749095::medbrowsecomp_175,LOCAL_REPAIR
run_MedBrowseComp_2025-12-19T21:55:32.749095::medbrowsecomp_178,LOCAL_REPAIR
run_MedBrowseComp_2025-12-19T21:55:32.749095::medbrowsecomp_181,LOCAL_REPAIR
run_MedBrowseComp_2025-12-19T21:55:32.749095::medbrowsecomp_188,LOCAL_REPAIR
run_MedBrowseComp_2025-12-19T21:55:32.749095::medbrowsecomp_189,LOCAL_REPAIR
run_MedBrowseComp_2025-12-19T21:55:32.749095::medbrowsecomp_193,LOCAL_REPAIR
run_MedBrowseComp_2025-12-19T21:55:32.749095::medbrowsecomp_197,LOCAL_REPAIR
run_MedBrowseComp_2025-12-19T21:55:32.749095::medbrowsecomp_203,LOCAL_REPAIR
run_MedBrowseComp_2025-12-19T21:55:32.749095::medbrowsecomp_214,LOCAL_REPAIR
run_MedBrowseComp_2025-12-19T21:55:32.749095::medbrowsecomp_218,LOCAL_REPAIR
run_MedBrowseComp_2025-12-19T21:55:32.749095::medbrowsecomp_221,LOCAL_REPAIR
run_MedBrowseComp_2025-12-19T21:55:32.749095::medbrowsecomp_222,LOCAL_REPAIR
run_MedBrowseComp_2025-12-19T21:55:32.749095::medbrowsecomp_225,LOCAL_REPAIR
run_MedBrowseComp_2025-12-19T21:55:32.749095::medbrowsecomp_229,LOCAL_REPAIR
run_MedBrowseComp_2025-12-19T21:55:32.749095::medbrowsecomp_232,LOCAL_REPAIR
run_MedBrowseComp_2025-12-19T21:55:32.749095::medbrowsecomp_233,LOCAL_REPAIR
run_MedBrowseComp_2025-12-19T21:55:32.749095::medbrowsecomp_236,LOCAL_REPAIR
run_MedBrowseComp_2025-12-19T21:55:32.749095::medbrowsecomp_241,LOCAL_REPAIR
run_MedBrowseComp_2025-12-19T21:55:32.749095::medbrowsecomp_249,LOCAL_REPAIR
run_MedBrowseComp_2025-12-19T21:55:32.749095::medbrowsecomp_250,LOCAL_REPAIR
run_MedBrowseComp_2025-12-19T21:55:32.749095::medbrowsecomp_252,LOCAL_REPAIR
run_MedBrowseComp_2025-12-19T21:55:32.749095::medbrowsecomp_264,LOCAL_REPAIR
run_MedBrowseComp_2025-12-19T21:55:32.749095::medbrowsecomp_266,LOCAL_REPAIR
run_MedBrowseComp_2025-12-19T21:55:32.749095::medbrowsecomp_267,LOCAL_REPAIR
run_MedBrowseComp_2025-12-19T21:55:32.749095::medbrowsecomp_268,LOCAL_REPAIR
run_MedBrowseComp_2025-12-19T21:55:32.749095::medbrowsecomp_272,LOCAL_REPAIR
run_MedBrowseComp_2025-12-19T21:55:32.749095::medbrowsecomp_279,LOCAL_REPAIR
run_MedBrowseComp_2025-12-19T21:55:32.749095::medbrowsecomp_294,LOCAL_REPAIR
run_MedBrowseComp_2025-12-19T21:55:32.749095::medbrowsecomp_295,LOCAL_REPAIR
run_MedBrowseComp_2025-12-19T21:55:32.749095::medbrowsecomp_296,LOCAL_REPAIR
run_MedBrowseComp_2025-12-19T21:55:32.749095::medbrowsecomp_298,LOCAL_REPAIR
run_MedBrowseComp_2025-12-19T21:55:32.749095::medbrowsecomp_314,LOCAL_REPAIR
run_MedBrowseComp_2025-12-19T21:55:32.749095::medbrowsecomp_316,LOCAL_REPAIR
run_MedBrowseComp_2025-12-19T21:55:32.749095::medbrowsecomp_317,LOCAL_REPAIR
run_MedBrowseComp_2025-12-19T21:55:32.749095::medbrowsecomp_322,LOCAL_REPAIR
run_MedBrowseComp_2025-12-19T21:55:32.749095::medbrowsecomp_324,LOCAL_REPAIR
run_MedBrowseComp_2025-12-19T21:55:32.749095::medbrowsecomp_325,LOCAL_REPAIR
run_MedBrowseComp_2025-12-19T21:55:32.749095::medbrowsecomp_331,LOCAL_REPAIR
run_MedBrowseComp_2025-12-19T21:55:32.749095::medbrowsecomp_332,LOCAL_REPAIR
run_MedBrowseComp_2025-12-19T21:55:32.749095::medbrowsecomp_333,LOCAL_REPAIR
run_MedBrowseComp_2025-12-19T21:55:32.749095::medbrowsecomp_348,LOCAL_REPAIR
run_MedBrowseComp_2025-12-19T21:55:32.749095::medbrowsecomp_349,LOCAL_REPAIR
run_MedBrowseComp_2025-12-19T21:55:32.749095::medbrowsecomp_353,LOCAL_REPAIR
run_MedBrowseComp_2025-12-19T21:55:32.749095::medbrowsecomp_363,LOCAL_REPAIR
run_MedBrowseComp_2025-12-19T21:55:32.749095::medbrowsecomp_365,LOCAL_REPAIR
run_MedBrowseComp_2025-12-19T21:55:32.749095::medbrowsecomp_366,LOCAL_REPAIR
run_MedBrowseComp_2025-12-19T21:55:32.749095::medbrowsecomp_369,LOCAL_REPAIR
run_MedBrowseComp_2025-12-19T21:55:32.749095::medbrowsecomp_373,LOCAL_REPAIR
run_MedBrowseComp_2025-12-19T21:55:32.749095::medbrowsecomp_374,LOCAL_REPAIR
run_MedBrowseComp_2025-12-19T21:55:32.749095::medbrowsecomp_384,LOCAL_REPAIR
run_MedBrowseComp_2025-12-19T21:55:32.749095::medbrowsecomp_388,LOCAL_REPAIR
run_MedBrowseComp_2025-12-19T21:55:32.749095::medbrowsecomp_390,LOCAL_REPAIR
run_MedBrowseComp_2025-12-19T21:55:32.749095::medbrowsecomp_391,LOCAL_REPAIR
run_MedBrowseComp_2025-12-19T21:55:32.749095::medbrowsecomp_393,LOCAL_REPAIR
run_MedBrowseComp_2025-12-19T21:55:32.749095::medbrowsecomp_400,LOCAL_REPAIR
run_MedBrowseComp_2025-12-19T21:55:32.749095::medbrowsecomp_402,LOCAL_REPAIR
run_MedBrowseComp_2025-12-19T21:55:32.749095::medbrowsecomp_403,LOCAL_REPAIR
run_GSM8K_2025-12-20T07:38:08.801930::gsm8k_7,LOCAL_REPAIR
run_GSM8K_2025-12-20T07:38:08.801930::gsm8k_10,LOCAL_REPAIR
run_GSM8K_2025-12-20T07:38:08.801930::gsm8k_17,LOCAL_REPAIR
run_GSM8K_2025-12-20T07:38:08.801930::gsm8k_20,LOCAL_REPAIR
run_GSM8K_2025-12-20T07:38:08.801930::gsm8k_49,LOCAL_REPAIR
run_GSM8K_2025-12-20T07:38:08.801930::gsm8k_57,LOCAL_REPAIR
run_GSM8K_2025-12-20T07:38:08.801930::gsm8k_58,LOCAL_REPAIR
run_GSM8K_2025-12-20T07:38:08.801930::gsm8k_62,LOCAL_REPAIR
run_GSM8K_2025-12-20T07:38:08.801930::gsm8k_63,LOCAL_REPAIR
run_GSM8K_2025-12-20T07:38:08.801930::gsm8k_73,LOCAL_REPAIR
run_GSM8K_2025-12-20T07:38:08.801930::gsm8k_87,LOCAL_REPAIR
run_GSM8K_2025-12-20T07:38:08.801930::gsm8k_89,LOCAL_REPAIR
run_GSM8K_2025-12-20T07:38:08.801930::gsm8k_107,LOCAL_REPAIR
run_GSM8K_2025-12-20T07:38:08.801930::gsm8k_121,LOCAL_REPAIR
run_GSM8K_2025-12-20T07:38:08.801930::gsm8k_122,LOCAL_REPAIR
run_GSM8K_2025-12-20T07:38:08.801930::gsm8k_147,LOCAL_REPAIR
run_GSM8K_2025-12-20T07:38:08.801930::gsm8k_155,LOCAL_REPAIR
run_GSM8K_2025-12-20T07:38:08.801930::gsm8k_157,LOCAL_REPAIR
run_GSM8K_2025-12-20T07:38:08.801930::gsm8k_161,LOCAL_REPAIR
run_GSM8K_2025-12-20T07:38:08.801930::gsm8k_171,LOCAL_REPAIR
run_GSM8K_2025-12-20T07:38:08.801930::gsm8k_177,LOCAL_REPAIR
run_GSM8K_2025-12-20T07:38:08.801930::gsm8k_188,LOCAL_REPAIR
run_GSM8K_2025-12-20T07:38:08.801930::gsm8k_189,LOCAL_REPAIR
run_GSM8K_2025-12-20T07:38:08.801930::gsm8k_192,LOCAL_REPAIR
run_GSM8K_2025-12-20T07:38:08.801930::gsm8k_198,LOCAL_REPAIR
run_GSM8K_2025-12-20T07:38:08.801930::gsm8k_201,LOCAL_REPAIR
run_GSM8K_2025-12-20T07:38:08.801930::gsm8k_203,LOCAL_REPAIR
run_GSM8K_2025-12-20T07:38:08.801930::gsm8k_210,LOCAL_REPAIR
run_GSM8K_2025-12-20T07:38:08.801930::gsm8k_216,LOCAL_REPAIR
run_GSM8K_2025-12-20T07:38:08.801930::gsm8k_219,LOCAL_REPAIR
run_GSM8K_2025-12-20T07:38:08.801930::gsm8k_230,LOCAL_REPAIR
run_GSM8K_2025-12-20T07:38:08.801930::gsm8k_234,LOCAL_REPAIR
run_GSM8K_2025-12-20T07:38:08.801930::gsm8k_242,LOCAL_REPAIR
run_GSM8K_2025-12-20T07:38:08.801930::gsm8k_244,LOCAL_REPAIR
run_GSM8K_2025-12-20T07:38:08.801930::gsm8k_249,LOCAL_REPAIR
run_GSM8K_2025-12-20T07:38:08.801930::gsm8k_250,LOCAL_REPAIR
run_GSM8K_2025-12-20T07:38:08.801930::gsm8k_252,LOCAL_REPAIR
run_GSM8K_2025-12-20T07:38:08.801930::gsm8k_255,LOCAL_REPAIR
run_GSM8K_2025-12-20T07:38:08.801930::gsm8k_265,LOCAL_REPAIR
run_GSM8K_2025-12-20T07:38:08.801930::gsm8k_266,LOCAL_REPAIR
run_GSM8K_2025-12-20T07:38:08.801930::gsm8k_267,LOCAL_REPAIR
run_GSM8K_2025-12-20T07:38:08.801930::gsm8k_275,LOCAL_REPAIR
run_GSM8K_2025-12-20T07:38:08.801930::gsm8k_276,LOCAL_REPAIR
run_GSM8K_2025-12-20T07:38:08.801930::gsm8k_295,LOCAL_REPAIR
run_GSM8K_2025-12-20T07:38:08.801930::gsm8k_303,LOCAL_REPAIR
run_GSM8K_2025-12-20T07:38:08.801930::gsm8k_307,LOCAL_REPAIR
run_GSM8K_2025-12-20T07:38:08.801930::gsm8k_313,LOCAL_REPAIR
run_GSM8K_2025-12-20T07:38:08.801930::gsm8k_320,LOCAL_REPAIR
run_GSM8K_2025-12-20T07:38:08.801930::gsm8k_325,LOCAL_REPAIR
run_GSM8K_2025-12-20T07:38:08.801930::gsm8k_331,LOCAL_REPAIR
run_GSM8K_2025-12-20T07:38:08.801930::gsm8k_333,LOCAL_REPAIR
run_GSM8K_2025-12-20T07:38:08.801930::gsm8k_339,LOCAL_REPAIR
run_GSM8K_2025-12-20T07:38:08.801930::gsm8k_343,LOCAL_REPAIR
run_GSM8K_2025-12-20T07:38:08.801930::gsm8k_349,LOCAL_REPAIR
run_GSM8K_2025-12-20T07:38:08.801930::gsm8k_351,LOCAL_REPAIR
run_GSM8K_2025-12-20T07:38:08.801930::gsm8k_353,LOCAL_REPAIR
run_GSM8K_2025-12-20T07:38:08.801930::gsm8k_361,LOCAL_REPAIR
run_GSM8K_2025-12-20T07:38:08.801930::gsm8k_363,LOCAL_REPAIR
run_GSM8K_2025-12-20T07:38:08.801930::gsm8k_369,LOCAL_REPAIR
run_GSM8K_2025-12-20T07:38:08.801930::gsm8k_371,LOCAL_REPAIR
run_GSM8K_2025-12-20T07:38:08.801930::gsm8k_382,LOCAL_REPAIR
run_GSM8K_2025-12-20T07:38:08.801930::gsm8k_392,LOCAL_REPAIR
run_GSM8K_2025-12-20T07:38:08.801930::gsm8k_395,LOCAL_REPAIR
run_GSM8K_2025-12-20T07:38:08.801930::gsm8k_403,LOCAL_REPAIR
run_GSM8K_2025-12-20T07:38:08.801930::gsm8k_406,LOCAL_REPAIR
run_GSM8K_2025-12-20T07:38:08.801930::gsm8k_409,LOCAL_REPAIR
run_GSM8K_2025-12-20T07:38:08.801930::gsm8k_411,LOCAL_REPAIR
run_GSM8K_2025-12-20T07:38:08.801930::gsm8k_415,LOCAL_REPAIR
run_GSM8K_2025-12-20T07:38:08.801930::gsm8k_421,LOCAL_REPAIR
run_GSM8K_2025-12-20T07:38:08.801930::gsm8k_422,LOCAL_REPAIR
run_GSM8K_2025-12-20T07:38:08.801930::gsm8k_423,LOCAL_REPAIR
run_GSM8K_2025-12-20T07:38:08.801930::gsm8k_427,LOCAL_REPAIR
run_GSM8K_2025-12-20T07:38:08.801930::gsm8k_428,LOCAL_REPAIR
run_GSM8K_2025-12-20T07:38:08.801930::gsm8k_442,LOCAL_REPAIR
run_GSM8K_2025-12-20T07:38:08.801930::gsm8k_443,LOCAL_REPAIR
run_GSM8K_2025-12-20T07:38:08.801930::gsm8k_448,LOCAL_REPAIR
run_GSM8K_2025-12-20T07:38:08.801930::gsm8k_450,LOCAL_REPAIR
run_GSM8K_2025-12-20T07:38:08.801930::gsm8k_471,LOCAL_REPAIR
run_GSM8K_2025-12-20T07:38:08.801930::gsm8k_505,LOCAL_REPAIR
run_GSM8K_2025-12-20T07:38:08.801930::gsm8k_510,LOCAL_REPAIR
run_GSM8K_2025-12-20T07:38:08.801930::gsm8k_518,LOCAL_REPAIR
run_GSM8K_2025-12-20T07:38:08.801930::gsm8k_522,LOCAL_REPAIR
run_GSM8K_2025-12-20T07:38:08.801930::gsm8k_528,LOCAL_REPAIR
run_GSM8K_2025-12-20T07:38:08.801930::gsm8k_534,LOCAL_REPAIR
run_GSM8K_2025-12-20T07:38:08.801930::gsm8k_539,LOCAL_REPAIR
run_GSM8K_2025-12-20T07:38:08.801930::gsm8k_546,LOCAL_REPAIR
run_GSM8K_2025-12-20T07:38:08.801930::gsm8k_554,LOCAL_REPAIR
run_GSM8K_2025-12-20T07:38:08.801930::gsm8k_564,LOCAL_REPAIR
run_GSM8K_2025-12-20T07:38:08.801930::gsm8k_566,LOCAL_REPAIR
run_GSM8K_2025-12-20T07:38:08.801930::gsm8k_567,LOCAL_REPAIR
run_GSM8K_2025-12-20T07:38:08.801930::gsm8k_568,LOCAL_REPAIR
run_GSM8K_2025-12-20T07:38:08.801930::gsm8k_570,LOCAL_REPAIR
run_GSM8K_2025-12-20T07:38:08.801930::gsm8k_582,LOCAL_REPAIR
run_GSM8K_2025-12-20T07:38:08.801930::gsm8k_584,LOCAL_REPAIR
run_GSM8K_2025-12-20T07:38:08.801930::gsm8k_590,LOCAL_REPAIR
run_GSM8K_2025-12-20T07:38:08.801930::gsm8k_603,LOCAL_REPAIR
run_GSM8K_2025-12-20T07:38:08.801930::gsm8k_608,LOCAL_REPAIR
run_GSM8K_2025-12-20T07:38:08.801930::gsm8k_610,LOCAL_REPAIR
run_GSM8K_2025-12-20T07:38:08.801930::gsm8k_615,LOCAL_REPAIR
run_GSM8K_2025-12-20T07:38:08.801930::gsm8k_632,LOCAL_REPAIR
run_GSM8K_2025-12-20T07:38:08.801930::gsm8k_638,LOCAL_REPAIR
run_GSM8K_2025-12-20T07:38:08.801930::gsm8k_642,LOCAL_REPAIR
run_GSM8K_2025-12-20T07:38:08.801930::gsm8k_651,LOCAL_REPAIR
run_GSM8K_2025-12-20T07:38:08.801930::gsm8k_652,LOCAL_REPAIR
run_GSM8K_2025-12-20T07:38:08.801930::gsm8k_653,LOCAL_REPAIR
run_GSM8K_2025-12-20T07:38:08.801930::gsm8k_672,LOCAL_REPAIR
run_GSM8K_2025-12-20T07:38:08.801930::gsm8k_675,LOCAL_REPAIR
run_GSM8K_2025-12-20T07:38:08.801930::gsm8k_689,LOCAL_REPAIR
run_GSM8K_2025-12-20T07:38:08.801930::gsm8k_690,LOCAL_REPAIR
run_GSM8K_2025-12-20T07:38:08.801930::gsm8k_692,LOCAL_REPAIR
run_GSM8K_2025-12-20T07:38:08.801930::gsm8k_696,LOCAL_REPAIR
run_GSM8K_2025-12-20T07:38:08.801930::gsm8k_706,LOCAL_REPAIR
run_GSM8K_2025-12-20T07:38:08.801930::gsm8k_709,LOCAL_REPAIR
run_GSM8K_2025-12-20T07:38:08.801930::gsm8k_711,LOCAL_REPAIR
run_GSM8K_2025-12-20T07:38:08.801930::gsm8k_721,LOCAL_REPAIR
run_GSM8K_2025-12-20T07:38:08.801930::gsm8k_727,LOCAL_REPAIR
run_GSM8K_2025-12-20T07:38:08.801930::gsm8k_729,LOCAL_REPAIR
run_GSM8K_2025-12-20T07:38:08.801930::gsm8k_734,LOCAL_REPAIR
run_GSM8K_2025-12-20T07:38:08.801930::gsm8k_735,LOCAL_REPAIR
run_GSM8K_2025-12-20T07:38:08.801930::gsm8k_743,LOCAL_REPAIR
run_GSM8K_2025-12-20T07:38:08.801930::gsm8k_753,LOCAL_REPAIR
run_GSM8K_2025-12-20T07:38:08.801930::gsm8k_754,LOCAL_REPAIR
run_GSM8K_2025-12-20T07:38:08.801930::gsm8k_760,LOCAL_REPAIR
run_GSM8K_2025-12-20T07:38:08.801930::gsm8k_768,LOCAL_REPAIR
run_GSM8K_2025-12-20T07:38:08.801930::gsm8k_779,LOCAL_REPAIR
run_GSM8K_2025-12-20T07:38:08.801930::gsm8k_780,LOCAL_REPAIR
run_GSM8K_2025-12-20T07:38:08.801930::gsm8k_782,LOCAL_REPAIR
run_GSM8K_2025-12-20T07:38:08.801930::gsm8k_785,LOCAL_REPAIR
run_GSM8K_2025-12-20T07:38:08.801930::gsm8k_789,LOCAL_REPAIR
run_GSM8K_2025-12-20T07:38:08.801930::gsm8k_790,LOCAL_REPAIR
run_GSM8K_2025-12-20T07:38:08.801930::gsm8k_795,LOCAL_REPAIR
run_GSM8K_2025-12-20T07:38:08.801930::gsm8k_801,LOCAL_REPAIR
run_GSM8K_2025-12-20T07:38:08.801930::gsm8k_809,LOCAL_REPAIR
run_GSM8K_2025-12-20T07:38:08.801930::gsm8k_812,LOCAL_REPAIR
run_GSM8K_2025-12-20T07:38:08.801930::gsm8k_814,LOCAL_REPAIR
run_GSM8K_2025-12-20T07:38:08.801930::gsm8k_823,LOCAL_REPAIR
run_GSM8K_2025-12-20T07:38:08.801930::gsm8k_836,LOCAL_REPAIR
run_GSM8K_2025-12-20T07:38:08.801930::gsm8k_840,LOCAL_REPAIR
run_GSM8K_2025-12-20T07:38:08.801930::gsm8k_854,LOCAL_REPAIR
run_GSM8K_2025-12-20T07:38:08.801930::gsm8k_858,LOCAL_REPAIR
run_GSM8K_2025-12-20T07:38:08.801930::gsm8k_859,LOCAL_REPAIR
run_GSM8K_2025-12-20T07:38:08.801930::gsm8k_861,LOCAL_REPAIR
run_GSM8K_2025-12-20T07:38:08.801930::gsm8k_882,LOCAL_REPAIR
run_GSM8K_2025-12-20T07:38:08.801930::gsm8k_894,LOCAL_REPAIR
run_GSM8K_2025-12-20T07:38:08.801930::gsm8k_897,LOCAL_REPAIR
run_GSM8K_2025-12-20T07:38:08.801930::gsm8k_900,LOCAL_REPAIR
run_GSM8K_2025-12-20T07:38:08.801930::gsm8k_901,LOCAL_REPAIR
run_GSM8K_2025-12-20T07:38:08.801930::gsm8k_903,LOCAL_REPAIR
run_GSM8K_2025-12-20T07:38:08.801930::gsm8k_909,LOCAL_REPAIR
run_GSM8K_2025-12-20T07:38:08.801930::gsm8k_915,LOCAL_REPAIR
run_GSM8K_2025-12-20T07:38:08.801930::gsm8k_918,LOCAL_REPAIR
run_GSM8K_2025-12-20T07:38:08.801930::gsm8k_927,LOCAL_REPAIR
run_GSM8K_2025-12-20T07:38:08.801930::gsm8k_928,LOCAL_REPAIR
run_GSM8K_2025-12-20T07:38:08.801930::gsm8k_936,LOCAL_REPAIR
run_GSM8K_2025-12-20T07:38:08.801930::gsm8k_943,LOCAL_REPAIR
run_GSM8K_2025-12-20T07:38:08.801930::gsm8k_953,LOCAL_REPAIR
run_GSM8K_2025-12-20T07:38:08.801930::gsm8k_962,LOCAL_REPAIR
run_GSM8K_2025-12-20T07:38:08.801930::gsm8k_967,LOCAL_REPAIR
run_GSM8K_2025-12-20T07:38:08.801930::gsm8k_968,LOCAL_REPAIR
run_GSM8K_2025-12-20T07:38:08.801930::gsm8k_974,LOCAL_REPAIR
run_GSM8K_2025-12-20T07:38:08.801930::gsm8k_976,LOCAL_REPAIR
run_GSM8K_2025-12-20T07:38:08.801930::gsm8k_982,LOCAL_REPAIR
run_GSM8K_2025-12-20T07:38:08.801930::gsm8k_984,LOCAL_REPAIR
run_GSM8K_2025-12-20T07:38:08.801930::gsm8k_990,LOCAL_REPAIR
run_GSM8K_2025-12-20T07:38:08.801930::gsm8k_1003,LOCAL_REPAIR
run_GSM8K_2025-12-20T07:38:08.801930::gsm8k_1009,LOCAL_REPAIR
run_GSM8K_2025-12-20T07:38:08.801930::gsm8k_1010,LOCAL_REPAIR
run_GSM8K_2025-12-20T07:38:08.801930::gsm8k_1013,LOCAL_REPAIR
run_GSM8K_2025-12-20T07:38:08.801930::gsm8k_1021,LOCAL_REPAIR
run_GSM8K_2025-12-20T07:38:08.801930::gsm8k_1038,LOCAL_REPAIR
run_GSM8K_2025-12-20T07:38:08.801930::gsm8k_1046,LOCAL_REPAIR
run_GSM8K_2025-12-20T07:38:08.801930::gsm8k_1053,LOCAL_REPAIR
run_GSM8K_2025-12-20T07:38:08.801930::gsm8k_1062,LOCAL_REPAIR
run_GSM8K_2025-12-20T07:38:08.801930::gsm8k_1064,LOCAL_REPAIR
run_GSM8K_2025-12-20T07:38:08.801930::gsm8k_1066,LOCAL_REPAIR
run_GSM8K_2025-12-20T07:38:08.801930::gsm8k_1070,LOCAL_REPAIR
run_GSM8K_2025-12-20T07:38:08.801930::gsm8k_1072,LOCAL_REPAIR
run_GSM8K_2025-12-20T07:38:08.801930::gsm8k_1075,LOCAL_REPAIR
run_GSM8K_2025-12-20T07:38:08.801930::gsm8k_1102,LOCAL_REPAIR
run_GSM8K_2025-12-20T07:38:08.801930::gsm8k_1118,LOCAL_REPAIR
run_GSM8K_2025-12-20T07:38:08.801930::gsm8k_1122,LOCAL_REPAIR
run_GSM8K_2025-12-20T07:38:08.801930::gsm8k_1129,LOCAL_REPAIR
run_GSM8K_2025-12-20T07:38:08.801930::gsm8k_1138,LOCAL_REPAIR
run_GSM8K_2025-12-20T07:38:08.801930::gsm8k_1146,LOCAL_REPAIR
run_GSM8K_2025-12-20T07:38:08.801930::gsm8k_1165,LOCAL_REPAIR
run_GSM8K_2025-12-20T07:38:08.801930::gsm8k_1166,LOCAL_REPAIR
run_GSM8K_2025-12-20T07:38:08.801930::gsm8k_1176,LOCAL_REPAIR
run_GSM8K_2025-12-20T07:38:08.801930::gsm8k_1188,LOCAL_REPAIR
run_GSM8K_2025-12-20T07:38:08.801930::gsm8k_1190,LOCAL_REPAIR
run_GSM8K_2025-12-20T07:38:08.801930::gsm8k_1198,LOCAL_REPAIR
run_GSM8K_2025-12-20T07:38:08.801930::gsm8k_1201,LOCAL_REPAIR
run_GSM8K_2025-12-20T07:38:08.801930::gsm8k_1204,LOCAL_REPAIR
run_GSM8K_2025-12-20T07:38:08.801930::gsm8k_1208,LOCAL_REPAIR
run_GSM8K_2025-12-20T07:38:08.801930::gsm8k_1213,LOCAL_REPAIR
run_GSM8K_2025-12-20T07:38:08.801930::gsm8k_1215,LOCAL_REPAIR
run_GSM8K_2025-12-20T07:38:08.801930::gsm8k_1226,LOCAL_REPAIR
run_GSM8K_2025-12-20T07:38:08.801930::gsm8k_1233,LOCAL_REPAIR
run_GSM8K_2025-12-20T07:38:08.801930::gsm8k_1238,LOCAL_REPAIR
run_GSM8K_2025-12-20T07:38:08.801930::gsm8k_1248,LOCAL_REPAIR
run_GSM8K_2025-12-20T07:38:08.801930::gsm8k_1249,LOCAL_REPAIR
run_GSM8K_2025-12-20T07:38:08.801930::gsm8k_1251,LOCAL_REPAIR
run_GSM8K_2025-12-20T07:38:08.801930::gsm8k_1263,LOCAL_REPAIR
run_GSM8K_2025-12-20T07:38:08.801930::gsm8k_1275,LOCAL_REPAIR
run_GSM8K_2025-12-20T07:38:08.801930::gsm8k_1287,LOCAL_REPAIR
run_GSM8K_2025-12-20T07:38:08.801930::gsm8k_1288,LOCAL_REPAIR
run_GSM8K_2025-12-20T07:38:08.801930::gsm8k_1294,LOCAL_REPAIR
run_GSM8K_2025-12-20T07:38:08.801930::gsm8k_1300,LOCAL_REPAIR
run_GSM8K_2025-12-20T07:38:08.801930::gsm8k_1301,LOCAL_REPAIR
run_GSM8K_2025-12-20T07:38:08.801930::gsm8k_1309,LOCAL_REPAIR
run_GSM8K_2025-12-20T07:38:08.801930::gsm8k_1314,LOCAL_REPAIR
run_GSM8K_2025-12-20T07:38:08.801930::gsm8k_1316,LOCAL_REPAIR
run_Humaneval_2025-12-03T19:44:12.832655::HumanEval/43,LOCAL_REPAIR
run_MBPP_2025-12-06T08:50:36.324654::mbpp-612,LOCAL_REPAIR
run_MBPP_2025-12-06T08:50:36.324654::mbpp-613,LOCAL_REPAIR
run_MBPP_2025-12-06T08:50:36.324654::mbpp-615,LOCAL_REPAIR
run_MBPP_2025-12-06T08:50:36.324654::mbpp-621,LOCAL_REPAIR
run_MBPP_2025-12-06T08:50:36.324654::mbpp-622,LOCAL_REPAIR
run_MBPP_2025-12-06T08:50:36.324654::mbpp-626,LOCAL_REPAIR
run_MBPP_2025-12-06T08:50:36.324654::mbpp-633,LOCAL_REPAIR
run_MBPP_2025-12-06T08:50:36.324654::mbpp-636,LOCAL_REPAIR
run_MBPP_2025-12-06T08:50:36.324654::mbpp-640,LOCAL_REPAIR
run_MBPP_2025-12-06T08:50:36.324654::mbpp-641,LOCAL_REPAIR
run_MBPP_2025-12-06T08:50:36.324654::mbpp-645,LOCAL_REPAIR
run_MBPP_2025-12-06T08:50:36.324654::mbpp-650,LOCAL_REPAIR
run_MBPP_2025-12-11T00:49:23.675982::mbpp-602,LOCAL_REPAIR
run_MBPP_2025-12-11T00:49:23.675982::mbpp-607,LOCAL_REPAIR
run_MBPP_2025-12-11T00:49:23.675982::mbpp-613,LOCAL_REPAIR
run_MBPP_2025-12-11T00:49:23.675982::mbpp-614,LOCAL_REPAIR
run_MBPP_2025-12-11T00:49:23.675982::mbpp-615,LOCAL_REPAIR
run_MBPP_2025-12-11T00:49:23.675982::mbpp-620,LOCAL_REPAIR
run_MBPP_2025-12-11T00:49:23.675982::mbpp-622,LOCAL_REPAIR
run_MBPP_2025-12-11T00:49:23.675982::mbpp-626,LOCAL_REPAIR
run_MBPP_2025-12-11T00:49:23.675982::mbpp-633,LOCAL_REPAIR
run_MBPP_2025-12-11T00:49:23.675982::mbpp-636,LOCAL_REPAIR
run_MBPP_2025-12-11T00:49:23.675982::mbpp-637,LOCAL_REPAIR
run_MBPP_2025-12-11T00:49:23.675982::mbpp-645,LOCAL_REPAIR
run_MBPP_2025-12-11T00:49:23.675982::mbpp-651,LOCAL_REPAIR
run_MBPP_2025-12-11T00:49:23.675982::mbpp-661,LOCAL_REPAIR
run_MBPP_2025-12-11T00:49:23.675982::mbpp-668,LOCAL_REPAIR
run_MBPP_2025-12-11T00:49:23.675982::mbpp-669,LOCAL_REPAIR
run_MBPP_2025-12-11T00:49:23.675982::mbpp-675,LOCAL_REPAIR
run_MBPP_2025-12-11T00:49:23.675982::mbpp-688,LOCAL_REPAIR
run_MBPP_2025-12-11T00:49:23.675982::mbpp-694,LOCAL_REPAIR
run_MBPP_2025-12-11T00:49:23.675982::mbpp-696,LOCAL_REPAIR
run_MBPP_2025-12-11T00:49:23.675982::mbpp-698,LOCAL_REPAIR
run_MBPP_2025-12-11T00:49:23.675982::mbpp-702,LOCAL_REPAIR
run_MBPP_2025-12-11T00:49:23.675982::mbpp-704,LOCAL_REPAIR
run_MBPP_2025-12-11T00:49:23.675982::mbpp-706,LOCAL_REPAIR
run_MBPP_2025-12-11T00:49:23.675982::mbpp-708,LOCAL_REPAIR
run_MBPP_2025-12-11T00:49:23.675982::mbpp-713,LOCAL_REPAIR
run_MBPP_2025-12-11T00:49:23.675982::mbpp-715,LOCAL_REPAIR
run_MBPP_2025-12-11T00:49:23.675982::mbpp-717,LOCAL_REPAIR
run_MBPP_2025-12-11T00:49:23.675982::mbpp-722,LOCAL_REPAIR
run_MBPP_2025-12-11T00:49:23.675982::mbpp-735,LOCAL_REPAIR
run_MBPP_2025-12-11T00:49:23.675982::mbpp-737,LOCAL_REPAIR
run_MBPP_2025-12-11T00:49:23.675982::mbpp-742,LOCAL_REPAIR
run_MBPP_2025-12-11T00:49:23.675982::mbpp-745,LOCAL_REPAIR
run_MBPP_2025-12-11T00:49:23.675982::mbpp-753,LOCAL_REPAIR
run_MBPP_2025-12-11T00:49:23.675982::mbpp-757,LOCAL_REPAIR
run_MBPP_2025-12-11T00:49:23.675982::mbpp-758,LOCAL_REPAIR
run_MBPP_2025-12-11T00:49:23.675982::mbpp-764,LOCAL_REPAIR
run_MBPP_2025-12-11T00:49:23.675982::mbpp-774,LOCAL_REPAIR
run_MBPP_2025-12-11T00:49:23.675982::mbpp-779,LOCAL_REPAIR
run_MBPP_2025-12-11T00:49:23.675982::mbpp-781,LOCAL_REPAIR
run_MBPP_2025-12-11T00:49:23.675982::mbpp-785,LOCAL_REPAIR
run_MBPP_2025-12-11T00:49:23.675982::mbpp-788,LOCAL_REPAIR
run_MBPP_2025-12-11T00:49:23.675982::mbpp-791,LOCAL_REPAIR
run_MBPP_2025-12-11T00:49:23.675982::mbpp-804,LOCAL_REPAIR
run_MBPP_2025-12-11T00:49:23.675982::mbpp-808,LOCAL_REPAIR
run_MBPP_2025-12-11T00:49:23.675982::mbpp-812,LOCAL_REPAIR
run_MBPP_2025-12-11T00:49:23.675982::mbpp-815,LOCAL_REPAIR
run_MBPP_2025-12-11T00:49:23.675982::mbpp-823,LOCAL_REPAIR
run_MBPP_2025-12-11T00:49:23.675982::mbpp-831,LOCAL_REPAIR
run_MBPP_2025-12-11T00:49:23.675982::mbpp-836,LOCAL_REPAIR
run_MBPP_2025-12-11T00:49:23.675982::mbpp-841,LOCAL_REPAIR
run_MBPP_2025-12-11T00:49:23.675982::mbpp-842,LOCAL_REPAIR
run_MBPP_2025-12-11T00:49:23.675982::mbpp-846,LOCAL_REPAIR
run_MBPP_2025-12-11T00:49:23.675982::mbpp-859,LOCAL_REPAIR
run_MBPP_2025-12-11T00:49:23.675982::mbpp-863,LOCAL_REPAIR
run_MBPP_2025-12-11T00:49:23.675982::mbpp-869,LOCAL_REPAIR
run_MBPP_2025-12-11T00:49:23.675982::mbpp-874,LOCAL_REPAIR
run_MBPP_2025-12-11T00:49:23.675982::mbpp-875,LOCAL_REPAIR
run_MBPP_2025-12-11T00:49:23.675982::mbpp-878,LOCAL_REPAIR
run_MBPP_2025-12-11T00:49:23.675982::mbpp-888,LOCAL_REPAIR
run_MBPP_2025-12-11T00:49:23.675982::mbpp-894,LOCAL_REPAIR
run_MBPP_2025-12-11T00:49:23.675982::mbpp-896,LOCAL_REPAIR
run_MBPP_2025-12-11T00:49:23.675982::mbpp-905,LOCAL_REPAIR
run_MBPP_2025-12-11T00:49:23.675982::mbpp-906,LOCAL_REPAIR
run_MBPP_2025-12-11T00:49:23.675982::mbpp-908,LOCAL_REPAIR
run_MBPP_2025-12-11T00:49:23.675982::mbpp-929,LOCAL_REPAIR
run_MBPP_2025-12-11T00:49:23.675982::mbpp-936,LOCAL_REPAIR
run_MBPP_2025-12-11T00:49:23.675982::mbpp-946,LOCAL_REPAIR
run_MBPP_2025-12-11T00:49:23.675982::mbpp-953,LOCAL_REPAIR
run_MBPP_2025-12-11T00:49:23.675982::mbpp-962,LOCAL_REPAIR
run_MBPP_2025-12-11T00:49:23.675982::mbpp-972,LOCAL_REPAIR
run_MBPP_2025-12-11T00:49:23.675982::mbpp-18,LOCAL_REPAIR
run_MBPP_2025-12-11T00:49:23.675982::mbpp-20,LOCAL_REPAIR
run_MBPP_2025-12-11T00:49:23.675982::mbpp-24,LOCAL_REPAIR
run_MBPP_2025-12-11T00:49:23.675982::mbpp-25,LOCAL_REPAIR
run_MBPP_2025-12-11T00:49:23.675982::mbpp-29,LOCAL_REPAIR
run_MBPP_2025-12-11T00:49:23.675982::mbpp-30,LOCAL_REPAIR
run_MBPP_2025-12-11T00:49:23.675982::mbpp-33,LOCAL_REPAIR
run_MBPP_2025-12-11T00:49:23.675982::mbpp-34,LOCAL_REPAIR
run_MBPP_2025-12-11T00:49:23.675982::mbpp-43,LOCAL_REPAIR
run_MBPP_2025-12-11T00:49:23.675982::mbpp-45,LOCAL_REPAIR
run_MBPP_2025-12-11T00:49:23.675982::mbpp-48,LOCAL_REPAIR
run_MBPP_2025-12-11T00:49:23.675982::mbpp-50,LOCAL_REPAIR
run_MBPP_2025-12-11T00:49:23.675982::mbpp-53,LOCAL_REPAIR
run_MBPP_2025-12-11T00:49:23.675982::mbpp-55,LOCAL_REPAIR
run_MBPP_2025-12-11T00:49:23.675982::mbpp-56,LOCAL_REPAIR
run_MBPP_2025-12-11T00:49:23.675982::mbpp-59,LOCAL_REPAIR
run_MBPP_2025-12-11T00:49:23.675982::mbpp-61,LOCAL_REPAIR
run_MBPP_2025-12-11T00:49:23.675982::mbpp-94,LOCAL_REPAIR
run_MBPP_2025-12-11T00:49:23.675982::mbpp-97,LOCAL_REPAIR
run_MBPP_2025-12-11T00:49:23.675982::mbpp-102,LOCAL_REPAIR
run_MBPP_2025-12-11T00:49:23.675982::mbpp-103,LOCAL_REPAIR
run_MBPP_2025-12-11T00:49:23.675982::mbpp-107,LOCAL_REPAIR
run_MBPP_2025-12-11T00:49:23.675982::mbpp-109,LOCAL_REPAIR
run_MBPP_2025-12-11T00:49:23.675982::mbpp-118,LOCAL_REPAIR
run_MBPP_2025-12-11T00:49:23.675982::mbpp-126,LOCAL_REPAIR
run_MBPP_2025-12-11T00:49:23.675982::mbpp-128,LOCAL_REPAIR
run_MBPP_2025-12-11T00:49:23.675982::mbpp-129,LOCAL_REPAIR
run_MBPP_2025-12-11T00:49:23.675982::mbpp-130,LOCAL_REPAIR
run_MBPP_2025-12-11T00:49:23.675982::mbpp-148,LOCAL_REPAIR
run_MBPP_2025-12-11T00:49:23.675982::mbpp-151,LOCAL_REPAIR
run_MBPP_2025-12-11T00:49:23.675982::mbpp-152,LOCAL_REPAIR
run_MBPP_2025-12-11T00:49:23.675982::mbpp-154,LOCAL_REPAIR
run_MBPP_2025-12-11T00:49:23.675982::mbpp-156,LOCAL_REPAIR
run_MBPP_2025-12-11T00:49:23.675982::mbpp-157,LOCAL_REPAIR
run_MBPP_2025-12-11T00:49:23.675982::mbpp-164,LOCAL_REPAIR
run_MBPP_2025-12-11T00:49:23.675982::mbpp-166,LOCAL_REPAIR
run_MBPP_2025-12-11T00:49:23.675982::mbpp-178,LOCAL_REPAIR
run_MBPP_2025-12-11T00:49:23.675982::mbpp-186,LOCAL_REPAIR
run_MBPP_2025-12-11T00:49:23.675982::mbpp-193,LOCAL_REPAIR
run_MBPP_2025-12-11T00:49:23.675982::mbpp-195,LOCAL_REPAIR
run_MBPP_2025-12-11T00:49:23.675982::mbpp-202,LOCAL_REPAIR
run_MBPP_2025-12-11T00:49:23.675982::mbpp-206,LOCAL_REPAIR
run_MBPP_2025-12-11T00:49:23.675982::mbpp-215,LOCAL_REPAIR
run_MBPP_2025-12-11T00:49:23.675982::mbpp-217,LOCAL_REPAIR
run_MBPP_2025-12-11T00:49:23.675982::mbpp-223,LOCAL_REPAIR
run_MBPP_2025-12-11T00:49:23.675982::mbpp-225,LOCAL_REPAIR
run_MBPP_2025-12-11T00:49:23.675982::mbpp-231,LOCAL_REPAIR
run_MBPP_2025-12-11T00:49:23.675982::mbpp-241,LOCAL_REPAIR
run_MBPP_2025-12-11T00:49:23.675982::mbpp-255,LOCAL_REPAIR
run_MBPP_2025-12-11T00:49:23.675982::mbpp-259,LOCAL_REPAIR
run_MBPP_2025-12-11T00:49:23.675982::mbpp-265,LOCAL_REPAIR
run_MBPP_2025-12-11T00:49:23.675982::mbpp-270,LOCAL_REPAIR
run_MBPP_2025-12-11T00:49:23.675982::mbpp-278,LOCAL_REPAIR
run_MBPP_2025-12-11T00:49:23.675982::mbpp-280,LOCAL_REPAIR
run_MBPP_2025-12-11T00:49:23.675982::mbpp-289,LOCAL_REPAIR
run_MBPP_2025-12-11T00:49:23.675982::mbpp-290,LOCAL_REPAIR
run_MBPP_2025-12-11T00:49:23.675982::mbpp-293,LOCAL_REPAIR
run_MBPP_2025-12-11T00:49:23.675982::mbpp-296,LOCAL_REPAIR
run_MBPP_2025-12-11T00:49:23.675982::mbpp-299,LOCAL_REPAIR
run_MBPP_2025-12-11T00:49:23.675982::mbpp-305,LOCAL_REPAIR
run_MBPP_2025-12-11T00:49:23.675982::mbpp-306,LOCAL_REPAIR
run_MBPP_2025-12-11T00:49:23.675982::mbpp-315,LOCAL_REPAIR
run_MBPP_2025-12-11T00:49:23.675982::mbpp-317,LOCAL_REPAIR
run_MBPP_2025-12-11T00:49:23.675982::mbpp-321,LOCAL_REPAIR
run_MBPP_2025-12-11T00:49:23.675982::mbpp-323,LOCAL_REPAIR
run_MBPP_2025-12-11T00:49:23.675982::mbpp-338,LOCAL_REPAIR
run_MBPP_2025-12-11T00:49:23.675982::mbpp-346,LOCAL_REPAIR
run_MBPP_2025-12-11T00:49:23.675982::mbpp-349,LOCAL_REPAIR
run_MBPP_2025-12-11T00:49:23.675982::mbpp-354,LOCAL_REPAIR
run_MBPP_2025-12-11T00:49:23.675982::mbpp-359,LOCAL_REPAIR
run_MBPP_2025-12-11T00:49:23.675982::mbpp-360,LOCAL_REPAIR
run_MBPP_2025-12-11T00:49:23.675982::mbpp-368,LOCAL_REPAIR
run_MBPP_2025-12-11T00:49:23.675982::mbpp-370,LOCAL_REPAIR
run_MBPP_2025-12-11T00:49:23.675982::mbpp-371,LOCAL_REPAIR
run_MBPP_2025-12-11T00:49:23.675982::mbpp-376,LOCAL_REPAIR
run_MBPP_2025-12-11T00:49:23.675982::mbpp-380,LOCAL_REPAIR
run_MBPP_2025-12-11T00:49:23.675982::mbpp-390,LOCAL_REPAIR
run_MBPP_2025-12-11T00:49:23.675982::mbpp-393,LOCAL_REPAIR
run_MBPP_2025-12-11T00:49:23.675982::mbpp-400,LOCAL_REPAIR
run_MBPP_2025-12-11T00:49:23.675982::mbpp-406,LOCAL_REPAIR
run_MBPP_2025-12-11T00:49:23.675982::mbpp-407,LOCAL_REPAIR
run_MBPP_2025-12-11T00:49:23.675982::mbpp-408,LOCAL_REPAIR
run_MBPP_2025-12-11T00:49:23.675982::mbpp-409,LOCAL_REPAIR
run_MBPP_2025-12-11T00:49:23.675982::mbpp-411,LOCAL_REPAIR
run_MBPP_2025-12-11T00:49:23.675982::mbpp-414,LOCAL_REPAIR
run_MBPP_2025-12-11T00:49:23.675982::mbpp-417,LOCAL_REPAIR
run_MBPP_2025-12-11T00:49:23.675982::mbpp-421,LOCAL_REPAIR
run_MBPP_2025-12-11T00:49:23.675982::mbpp-423,LOCAL_REPAIR
run_MBPP_2025-12-11T00:49:23.675982::mbpp-424,LOCAL_REPAIR
run_MBPP_2025-12-11T00:49:23.675982::mbpp-437,LOCAL_REPAIR
run_MBPP_2025-12-11T00:49:23.675982::mbpp-445,LOCAL_REPAIR
run_MBPP_2025-12-11T00:49:23.675982::mbpp-446,LOCAL_REPAIR
run_MBPP_2025-12-11T00:49:23.675982::mbpp-449,LOCAL_REPAIR
run_MBPP_2025-12-11T00:49:23.675982::mbpp-464,LOCAL_REPAIR
run_MBPP_2025-12-11T00:49:23.675982::mbpp-466,LOCAL_REPAIR
run_MBPP_2025-12-11T00:49:23.675982::mbpp-467,LOCAL_REPAIR
run_MBPP_2025-12-11T00:49:23.675982::mbpp-468,LOCAL_REPAIR
run_MBPP_2025-12-11T00:49:23.675982::mbpp-469,LOCAL_REPAIR
run_MBPP_2025-12-11T00:49:23.675982::mbpp-470,LOCAL_REPAIR
run_MBPP_2025-12-11T00:49:23.675982::mbpp-471,LOCAL_REPAIR
run_MBPP_2025-12-11T00:49:23.675982::mbpp-475,LOCAL_REPAIR
run_MBPP_2025-12-11T00:49:23.675982::mbpp-482,LOCAL_REPAIR
run_MBPP_2025-12-11T00:49:23.675982::mbpp-484,LOCAL_REPAIR
run_MBPP_2025-12-11T00:49:23.675982::mbpp-490,LOCAL_REPAIR
run_MBPP_2025-12-11T00:49:23.675982::mbpp-491,LOCAL_REPAIR
run_MBPP_2025-12-11T00:49:23.675982::mbpp-492,LOCAL_REPAIR
run_MBPP_2025-12-11T00:49:23.675982::mbpp-496,LOCAL_REPAIR
run_MBPP_2025-12-11T00:49:23.675982::mbpp-511,LOCAL_REPAIR
run_MBPP_2025-12-11T00:49:23.675982::mbpp-512,LOCAL_REPAIR
run_MBPP_2025-12-11T00:49:23.675982::mbpp-513,LOCAL_REPAIR
run_MBPP_2025-12-11T00:49:23.675982::mbpp-520,LOCAL_REPAIR
run_MBPP_2025-12-11T00:49:23.675982::mbpp-521,LOCAL_REPAIR
run_MBPP_2025-12-11T00:49:23.675982::mbpp-533,LOCAL_REPAIR
run_MBPP_2025-12-11T00:49:23.675982::mbpp-534,LOCAL_REPAIR
run_MBPP_2025-12-11T00:49:23.675982::mbpp-536,LOCAL_REPAIR
run_MBPP_2025-12-11T00:49:23.675982::mbpp-537,LOCAL_REPAIR
run_MBPP_2025-12-11T00:49:23.675982::mbpp-540,LOCAL_REPAIR
run_MBPP_2025-12-11T00:49:23.675982::mbpp-541,LOCAL_REPAIR
run_MBPP_2025-12-11T00:49:23.675982::mbpp-544,LOCAL_REPAIR
run_MBPP_2025-12-11T00:49:23.675982::mbpp-545,LOCAL_REPAIR
run_MBPP_2025-12-11T00:49:23.675982::mbpp-550,LOCAL_REPAIR
run_MBPP_2025-12-11T00:49:23.675982::mbpp-553,LOCAL_REPAIR
run_MBPP_2025-12-11T00:49:23.675982::mbpp-556,LOCAL_REPAIR
run_MBPP_2025-12-11T00:49:23.675982::mbpp-564,LOCAL_REPAIR
run_MBPP_2025-12-11T00:49:23.675982::mbpp-572,LOCAL_REPAIR
run_MBPP_2025-12-11T00:49:23.675982::mbpp-578,LOCAL_REPAIR
run_MBPP_2025-12-11T00:49:23.675982::mbpp-579,LOCAL_REPAIR
run_MBPP_2025-12-11T00:49:23.675982::mbpp-585,LOCAL_REPAIR
run_MBPP_2025-12-11T00:49:23.675982::mbpp-596,LOCAL_REPAIR
run_MBPP_2025-12-11T00:49:23.675982::mbpp-4,LOCAL_REPAIR
